version,app,cpu,threads,metric,value
sniper-l1,ep,0,1,instructions,42869411055
sniper-l1,ep,0,1,ipc,0.751723692579
sniper-l1,ep,0,1,cycles,57028149409
sniper-l1,ep,0,1,l2-rqsts-demand-data-rd-all,70159682
sniper-l1,ep,0,1,l2-rqsts-demand-data-rd-miss,17540254
sniper-l1,ep,0,1,l2-rqsts-demand-data-rd-hit,52619428
sniper-l1,ep,0,1,l2_rqsts-all-pf,32073
sniper-l1,ep,0,1,l2_rqsts-pf-hit,2911
sniper-l1,ep,0,1,l2_rqsts-pf-miss,29162
sniper-l1,ep,0,1,l2-lines-out-useless-pref,19400
sniper-l1,ep,0,4,instructions,10721319991
sniper-l1,ep,0,4,ipc,0.752325189212
sniper-l1,ep,0,4,cycles,14250911899
sniper-l1,ep,0,4,l2-rqsts-demand-data-rd-all,17576490
sniper-l1,ep,0,4,l2-rqsts-demand-data-rd-miss,4491599
sniper-l1,ep,0,4,l2-rqsts-demand-data-rd-hit,13084891
sniper-l1,ep,0,4,l2_rqsts-all-pf,80298
sniper-l1,ep,0,4,l2_rqsts-pf-hit,1897
sniper-l1,ep,0,4,l2_rqsts-pf-miss,78401
sniper-l1,ep,0,4,l2-lines-out-useless-pref,44701
sniper-l1,ep,1,4,instructions,10720938935
sniper-l1,ep,1,4,ipc,0.752298448326
sniper-l1,ep,1,4,cycles,14250911933
sniper-l1,ep,1,4,l2-rqsts-demand-data-rd-all,17546342
sniper-l1,ep,1,4,l2-rqsts-demand-data-rd-miss,4390020
sniper-l1,ep,1,4,l2-rqsts-demand-data-rd-hit,13156322
sniper-l1,ep,1,4,l2_rqsts-all-pf,51
sniper-l1,ep,1,4,l2_rqsts-pf-hit,19
sniper-l1,ep,1,4,l2_rqsts-pf-miss,32
sniper-l1,ep,1,4,l2-lines-out-useless-pref,30
sniper-l1,ep,2,4,instructions,10721127542
sniper-l1,ep,2,4,ipc,0.752311683058
sniper-l1,ep,2,4,cycles,14250911933
sniper-l1,ep,2,4,l2-rqsts-demand-data-rd-all,17568028
sniper-l1,ep,2,4,l2-rqsts-demand-data-rd-miss,4506854
sniper-l1,ep,2,4,l2-rqsts-demand-data-rd-hit,13061174
sniper-l1,ep,2,4,l2_rqsts-all-pf,36
sniper-l1,ep,2,4,l2_rqsts-pf-hit,9
sniper-l1,ep,2,4,l2_rqsts-pf-miss,27
sniper-l1,ep,2,4,l2-lines-out-useless-pref,25
sniper-l1,ep,3,4,instructions,10718447127
sniper-l1,ep,3,4,ipc,0.752123595793
sniper-l1,ep,3,4,cycles,14250911933
sniper-l1,ep,3,4,l2-rqsts-demand-data-rd-all,17574438
sniper-l1,ep,3,4,l2-rqsts-demand-data-rd-miss,4530023
sniper-l1,ep,3,4,l2-rqsts-demand-data-rd-hit,13044415
sniper-l1,ep,3,4,l2_rqsts-all-pf,59
sniper-l1,ep,3,4,l2_rqsts-pf-hit,3
sniper-l1,ep,3,4,l2_rqsts-pf-miss,56
sniper-l1,ep,3,4,l2-lines-out-useless-pref,56
sniper-l1,ep,0,12,instructions,3583874016
sniper-l1,ep,0,12,ipc,0.223685248548
sniper-l1,ep,0,12,cycles,16021950661
sniper-l1,ep,0,12,l2-rqsts-demand-data-rd-all,6568843
sniper-l1,ep,0,12,l2-rqsts-demand-data-rd-miss,1670083
sniper-l1,ep,0,12,l2-rqsts-demand-data-rd-hit,4898760
sniper-l1,ep,0,12,l2_rqsts-all-pf,65999695
sniper-l1,ep,0,12,l2_rqsts-pf-hit,3773394
sniper-l1,ep,0,12,l2_rqsts-pf-miss,62226301
sniper-l1,ep,0,12,l2-lines-out-useless-pref,45097177
sniper-l1,ep,1,12,instructions,3589013685
sniper-l1,ep,1,12,ipc,0.224006036159
sniper-l1,ep,1,12,cycles,16021950776
sniper-l1,ep,1,12,l2-rqsts-demand-data-rd-all,6560500
sniper-l1,ep,1,12,l2-rqsts-demand-data-rd-miss,1660694
sniper-l1,ep,1,12,l2-rqsts-demand-data-rd-hit,4899806
sniper-l1,ep,1,12,l2_rqsts-all-pf,65843504
sniper-l1,ep,1,12,l2_rqsts-pf-hit,3815860
sniper-l1,ep,1,12,l2_rqsts-pf-miss,62027644
sniper-l1,ep,1,12,l2-lines-out-useless-pref,45094086
sniper-l1,ep,2,12,instructions,3589018986
sniper-l1,ep,2,12,ipc,0.224006367205
sniper-l1,ep,2,12,cycles,16021950763
sniper-l1,ep,2,12,l2-rqsts-demand-data-rd-all,6548856
sniper-l1,ep,2,12,l2-rqsts-demand-data-rd-miss,1680650
sniper-l1,ep,2,12,l2-rqsts-demand-data-rd-hit,4868206
sniper-l1,ep,2,12,l2_rqsts-all-pf,65487929
sniper-l1,ep,2,12,l2_rqsts-pf-hit,3790361
sniper-l1,ep,2,12,l2_rqsts-pf-miss,61697568
sniper-l1,ep,2,12,l2-lines-out-useless-pref,44675726
sniper-l1,ep,3,12,instructions,3588783953
sniper-l1,ep,3,12,ipc,0.223991697517
sniper-l1,ep,3,12,cycles,16021950781
sniper-l1,ep,3,12,l2-rqsts-demand-data-rd-all,6544722
sniper-l1,ep,3,12,l2-rqsts-demand-data-rd-miss,1690608
sniper-l1,ep,3,12,l2-rqsts-demand-data-rd-hit,4854114
sniper-l1,ep,3,12,l2_rqsts-all-pf,65112159
sniper-l1,ep,3,12,l2_rqsts-pf-hit,3776728
sniper-l1,ep,3,12,l2_rqsts-pf-miss,61335431
sniper-l1,ep,3,12,l2-lines-out-useless-pref,44460084
sniper-l1,ep,4,12,instructions,3578737027
sniper-l1,ep,4,12,ipc,0.223364625149
sniper-l1,ep,4,12,cycles,16021950765
sniper-l1,ep,4,12,l2-rqsts-demand-data-rd-all,6529834
sniper-l1,ep,4,12,l2-rqsts-demand-data-rd-miss,1688827
sniper-l1,ep,4,12,l2-rqsts-demand-data-rd-hit,4841007
sniper-l1,ep,4,12,l2_rqsts-all-pf,65370612
sniper-l1,ep,4,12,l2_rqsts-pf-hit,3797247
sniper-l1,ep,4,12,l2_rqsts-pf-miss,61573365
sniper-l1,ep,4,12,l2-lines-out-useless-pref,44871333
sniper-l1,ep,5,12,instructions,3578151920
sniper-l1,ep,5,12,ipc,0.223328105811
sniper-l1,ep,5,12,cycles,16021950784
sniper-l1,ep,5,12,l2-rqsts-demand-data-rd-all,6527959
sniper-l1,ep,5,12,l2-rqsts-demand-data-rd-miss,1668698
sniper-l1,ep,5,12,l2-rqsts-demand-data-rd-hit,4859261
sniper-l1,ep,5,12,l2_rqsts-all-pf,65226435
sniper-l1,ep,5,12,l2_rqsts-pf-hit,3768435
sniper-l1,ep,5,12,l2_rqsts-pf-miss,61458000
sniper-l1,ep,5,12,l2-lines-out-useless-pref,44418025
sniper-l1,ep,6,12,instructions,3575605298
sniper-l1,ep,6,12,ipc,0.22316916005
sniper-l1,ep,6,12,cycles,16021950780
sniper-l1,ep,6,12,l2-rqsts-demand-data-rd-all,6539966
sniper-l1,ep,6,12,l2-rqsts-demand-data-rd-miss,1703394
sniper-l1,ep,6,12,l2-rqsts-demand-data-rd-hit,4836572
sniper-l1,ep,6,12,l2_rqsts-all-pf,66180188
sniper-l1,ep,6,12,l2_rqsts-pf-hit,3795143
sniper-l1,ep,6,12,l2_rqsts-pf-miss,62385045
sniper-l1,ep,6,12,l2-lines-out-useless-pref,45272125
sniper-l1,ep,7,12,instructions,3578661421
sniper-l1,ep,7,12,ipc,0.223359905998
sniper-l1,ep,7,12,cycles,16021950783
sniper-l1,ep,7,12,l2-rqsts-demand-data-rd-all,6533756
sniper-l1,ep,7,12,l2-rqsts-demand-data-rd-miss,1663673
sniper-l1,ep,7,12,l2-rqsts-demand-data-rd-hit,4870083
sniper-l1,ep,7,12,l2_rqsts-all-pf,65516336
sniper-l1,ep,7,12,l2_rqsts-pf-hit,3758087
sniper-l1,ep,7,12,l2_rqsts-pf-miss,61758249
sniper-l1,ep,7,12,l2-lines-out-useless-pref,44781275
sniper-l1,ep,8,12,instructions,3577896220
sniper-l1,ep,8,12,ipc,0.223312146517
sniper-l1,ep,8,12,cycles,16021950779
sniper-l1,ep,8,12,l2-rqsts-demand-data-rd-all,6529728
sniper-l1,ep,8,12,l2-rqsts-demand-data-rd-miss,1660400
sniper-l1,ep,8,12,l2-rqsts-demand-data-rd-hit,4869328
sniper-l1,ep,8,12,l2_rqsts-all-pf,65107761
sniper-l1,ep,8,12,l2_rqsts-pf-hit,3734996
sniper-l1,ep,8,12,l2_rqsts-pf-miss,61372765
sniper-l1,ep,8,12,l2-lines-out-useless-pref,44486577
sniper-l1,ep,9,12,instructions,3578386576
sniper-l1,ep,9,12,ipc,0.223342751781
sniper-l1,ep,9,12,cycles,16021950779
sniper-l1,ep,9,12,l2-rqsts-demand-data-rd-all,6543403
sniper-l1,ep,9,12,l2-rqsts-demand-data-rd-miss,1663449
sniper-l1,ep,9,12,l2-rqsts-demand-data-rd-hit,4879954
sniper-l1,ep,9,12,l2_rqsts-all-pf,65917434
sniper-l1,ep,9,12,l2_rqsts-pf-hit,3803876
sniper-l1,ep,9,12,l2_rqsts-pf-miss,62113558
sniper-l1,ep,9,12,l2-lines-out-useless-pref,44997642
sniper-l1,ep,10,12,instructions,3576383068
sniper-l1,ep,10,12,ipc,0.223217704017
sniper-l1,ep,10,12,cycles,16021950784
sniper-l1,ep,10,12,l2-rqsts-demand-data-rd-all,6534823
sniper-l1,ep,10,12,l2-rqsts-demand-data-rd-miss,1691774
sniper-l1,ep,10,12,l2-rqsts-demand-data-rd-hit,4843049
sniper-l1,ep,10,12,l2_rqsts-all-pf,65701770
sniper-l1,ep,10,12,l2_rqsts-pf-hit,3765494
sniper-l1,ep,10,12,l2_rqsts-pf-miss,61936276
sniper-l1,ep,10,12,l2-lines-out-useless-pref,44812023
sniper-l1,ep,11,12,instructions,3576488750
sniper-l1,ep,11,12,ipc,0.223224300093
sniper-l1,ep,11,12,cycles,16021950784
sniper-l1,ep,11,12,l2-rqsts-demand-data-rd-all,6525393
sniper-l1,ep,11,12,l2-rqsts-demand-data-rd-miss,1694092
sniper-l1,ep,11,12,l2-rqsts-demand-data-rd-hit,4831301
sniper-l1,ep,11,12,l2_rqsts-all-pf,65159687
sniper-l1,ep,11,12,l2_rqsts-pf-hit,3753869
sniper-l1,ep,11,12,l2_rqsts-pf-miss,61405818
sniper-l1,ep,11,12,l2-lines-out-useless-pref,44485419
sniper-l1,cg,0,1,instructions,8252366213
sniper-l1,cg,0,1,ipc,1.00923091
sniper-l1,cg,0,1,cycles,8176886113
sniper-l1,cg,0,1,l2-rqsts-demand-data-rd-all,742461989
sniper-l1,cg,0,1,l2-rqsts-demand-data-rd-miss,150279241
sniper-l1,cg,0,1,l2-rqsts-demand-data-rd-hit,592182748
sniper-l1,cg,0,1,l2_rqsts-all-pf,18575165
sniper-l1,cg,0,1,l2_rqsts-pf-hit,1896293
sniper-l1,cg,0,1,l2_rqsts-pf-miss,16678872
sniper-l1,cg,0,1,l2-lines-out-useless-pref,16435007
sniper-l1,cg,0,4,instructions,2098717071
sniper-l1,cg,0,4,ipc,0.639489567657
sniper-l1,cg,0,4,cycles,3281862874
sniper-l1,cg,0,4,l2-rqsts-demand-data-rd-all,187035919
sniper-l1,cg,0,4,l2-rqsts-demand-data-rd-miss,38801193
sniper-l1,cg,0,4,l2-rqsts-demand-data-rd-hit,148234726
sniper-l1,cg,0,4,l2_rqsts-all-pf,4097475
sniper-l1,cg,0,4,l2_rqsts-pf-hit,493511
sniper-l1,cg,0,4,l2_rqsts-pf-miss,3603964
sniper-l1,cg,0,4,l2-lines-out-useless-pref,3528869
sniper-l1,cg,1,4,instructions,2167219580
sniper-l1,cg,1,4,ipc,0.660362618109
sniper-l1,cg,1,4,cycles,3281862904
sniper-l1,cg,1,4,l2-rqsts-demand-data-rd-all,184152474
sniper-l1,cg,1,4,l2-rqsts-demand-data-rd-miss,38116801
sniper-l1,cg,1,4,l2-rqsts-demand-data-rd-hit,146035673
sniper-l1,cg,1,4,l2_rqsts-all-pf,4417997
sniper-l1,cg,1,4,l2_rqsts-pf-hit,589902
sniper-l1,cg,1,4,l2_rqsts-pf-miss,3828095
sniper-l1,cg,1,4,l2-lines-out-useless-pref,3694260
sniper-l1,cg,2,4,instructions,2123659647
sniper-l1,cg,2,4,ipc,0.647089687854
sniper-l1,cg,2,4,cycles,3281862911
sniper-l1,cg,2,4,l2-rqsts-demand-data-rd-all,186328093
sniper-l1,cg,2,4,l2-rqsts-demand-data-rd-miss,38645558
sniper-l1,cg,2,4,l2-rqsts-demand-data-rd-hit,147682535
sniper-l1,cg,2,4,l2_rqsts-all-pf,4532024
sniper-l1,cg,2,4,l2_rqsts-pf-hit,482689
sniper-l1,cg,2,4,l2_rqsts-pf-miss,4049335
sniper-l1,cg,2,4,l2-lines-out-useless-pref,3963046
sniper-l1,cg,3,4,instructions,2175402119
sniper-l1,cg,3,4,ipc,0.662855879733
sniper-l1,cg,3,4,cycles,3281862898
sniper-l1,cg,3,4,l2-rqsts-demand-data-rd-all,184746811
sniper-l1,cg,3,4,l2-rqsts-demand-data-rd-miss,38273277
sniper-l1,cg,3,4,l2-rqsts-demand-data-rd-hit,146473534
sniper-l1,cg,3,4,l2_rqsts-all-pf,4532784
sniper-l1,cg,3,4,l2_rqsts-pf-hit,571649
sniper-l1,cg,3,4,l2_rqsts-pf-miss,3961135
sniper-l1,cg,3,4,l2-lines-out-useless-pref,3865005
sniper-l1,cg,0,12,instructions,863904504
sniper-l1,cg,0,12,ipc,0.273326863058
sniper-l1,cg,0,12,cycles,3160701053
sniper-l1,cg,0,12,l2-rqsts-demand-data-rd-all,62106557
sniper-l1,cg,0,12,l2-rqsts-demand-data-rd-miss,13771291
sniper-l1,cg,0,12,l2-rqsts-demand-data-rd-hit,48335266
sniper-l1,cg,0,12,l2_rqsts-all-pf,1294522
sniper-l1,cg,0,12,l2_rqsts-pf-hit,257473
sniper-l1,cg,0,12,l2_rqsts-pf-miss,1037049
sniper-l1,cg,0,12,l2-lines-out-useless-pref,740429
sniper-l1,cg,1,12,instructions,784134218
sniper-l1,cg,1,12,ipc,0.248088686889
sniper-l1,cg,1,12,cycles,3160701230
sniper-l1,cg,1,12,l2-rqsts-demand-data-rd-all,62755471
sniper-l1,cg,1,12,l2-rqsts-demand-data-rd-miss,13939758
sniper-l1,cg,1,12,l2-rqsts-demand-data-rd-hit,48815713
sniper-l1,cg,1,12,l2_rqsts-all-pf,1497346
sniper-l1,cg,1,12,l2_rqsts-pf-hit,225488
sniper-l1,cg,1,12,l2_rqsts-pf-miss,1271858
sniper-l1,cg,1,12,l2-lines-out-useless-pref,974254
sniper-l1,cg,2,12,instructions,799181897
sniper-l1,cg,2,12,ipc,0.252849555488
sniper-l1,cg,2,12,cycles,3160701214
sniper-l1,cg,2,12,l2-rqsts-demand-data-rd-all,61876086
sniper-l1,cg,2,12,l2-rqsts-demand-data-rd-miss,13744734
sniper-l1,cg,2,12,l2-rqsts-demand-data-rd-hit,48131352
sniper-l1,cg,2,12,l2_rqsts-all-pf,1413080
sniper-l1,cg,2,12,l2_rqsts-pf-hit,235196
sniper-l1,cg,2,12,l2_rqsts-pf-miss,1177884
sniper-l1,cg,2,12,l2-lines-out-useless-pref,906994
sniper-l1,cg,3,12,instructions,867876460
sniper-l1,cg,3,12,ipc,0.274583524422
sniper-l1,cg,3,12,cycles,3160701144
sniper-l1,cg,3,12,l2-rqsts-demand-data-rd-all,60871113
sniper-l1,cg,3,12,l2-rqsts-demand-data-rd-miss,13577149
sniper-l1,cg,3,12,l2-rqsts-demand-data-rd-hit,47293964
sniper-l1,cg,3,12,l2_rqsts-all-pf,1590161
sniper-l1,cg,3,12,l2_rqsts-pf-hit,220111
sniper-l1,cg,3,12,l2_rqsts-pf-miss,1370050
sniper-l1,cg,3,12,l2-lines-out-useless-pref,1092489
sniper-l1,cg,4,12,instructions,811969548
sniper-l1,cg,4,12,ipc,0.256895383825
sniper-l1,cg,4,12,cycles,3160701200
sniper-l1,cg,4,12,l2-rqsts-demand-data-rd-all,61837009
sniper-l1,cg,4,12,l2-rqsts-demand-data-rd-miss,13734381
sniper-l1,cg,4,12,l2-rqsts-demand-data-rd-hit,48102628
sniper-l1,cg,4,12,l2_rqsts-all-pf,1571054
sniper-l1,cg,4,12,l2_rqsts-pf-hit,235232
sniper-l1,cg,4,12,l2_rqsts-pf-miss,1335822
sniper-l1,cg,4,12,l2-lines-out-useless-pref,1092204
sniper-l1,cg,5,12,instructions,849859481
sniper-l1,cg,5,12,ipc,0.268883211814
sniper-l1,cg,5,12,cycles,3160701165
sniper-l1,cg,5,12,l2-rqsts-demand-data-rd-all,61105506
sniper-l1,cg,5,12,l2-rqsts-demand-data-rd-miss,13596194
sniper-l1,cg,5,12,l2-rqsts-demand-data-rd-hit,47509312
sniper-l1,cg,5,12,l2_rqsts-all-pf,1742315
sniper-l1,cg,5,12,l2_rqsts-pf-hit,227465
sniper-l1,cg,5,12,l2_rqsts-pf-miss,1514850
sniper-l1,cg,5,12,l2-lines-out-useless-pref,1291103
sniper-l1,cg,6,12,instructions,803044139
sniper-l1,cg,6,12,ipc,0.254071513151
sniper-l1,cg,6,12,cycles,3160701209
sniper-l1,cg,6,12,l2-rqsts-demand-data-rd-all,62251363
sniper-l1,cg,6,12,l2-rqsts-demand-data-rd-miss,13824464
sniper-l1,cg,6,12,l2-rqsts-demand-data-rd-hit,48426899
sniper-l1,cg,6,12,l2_rqsts-all-pf,1830854
sniper-l1,cg,6,12,l2_rqsts-pf-hit,230726
sniper-l1,cg,6,12,l2_rqsts-pf-miss,1600128
sniper-l1,cg,6,12,l2-lines-out-useless-pref,1380071
sniper-l1,cg,7,12,instructions,825539848
sniper-l1,cg,7,12,ipc,0.261188831017
sniper-l1,cg,7,12,cycles,3160701186
sniper-l1,cg,7,12,l2-rqsts-demand-data-rd-all,61694008
sniper-l1,cg,7,12,l2-rqsts-demand-data-rd-miss,13715236
sniper-l1,cg,7,12,l2-rqsts-demand-data-rd-hit,47978772
sniper-l1,cg,7,12,l2_rqsts-all-pf,1681226
sniper-l1,cg,7,12,l2_rqsts-pf-hit,233716
sniper-l1,cg,7,12,l2_rqsts-pf-miss,1447510
sniper-l1,cg,7,12,l2-lines-out-useless-pref,1227738
sniper-l1,cg,8,12,instructions,807955050
sniper-l1,cg,8,12,ipc,0.25562525456
sniper-l1,cg,8,12,cycles,3160701204
sniper-l1,cg,8,12,l2-rqsts-demand-data-rd-all,62054384
sniper-l1,cg,8,12,l2-rqsts-demand-data-rd-miss,13792300
sniper-l1,cg,8,12,l2-rqsts-demand-data-rd-hit,48262084
sniper-l1,cg,8,12,l2_rqsts-all-pf,1720742
sniper-l1,cg,8,12,l2_rqsts-pf-hit,216541
sniper-l1,cg,8,12,l2_rqsts-pf-miss,1504201
sniper-l1,cg,8,12,l2-lines-out-useless-pref,1259035
sniper-l1,cg,9,12,instructions,915825457
sniper-l1,cg,9,12,ipc,0.289753895176
sniper-l1,cg,9,12,cycles,3160701106
sniper-l1,cg,9,12,l2-rqsts-demand-data-rd-all,61298195
sniper-l1,cg,9,12,l2-rqsts-demand-data-rd-miss,13630161
sniper-l1,cg,9,12,l2-rqsts-demand-data-rd-hit,47668034
sniper-l1,cg,9,12,l2_rqsts-all-pf,1589837
sniper-l1,cg,9,12,l2_rqsts-pf-hit,246814
sniper-l1,cg,9,12,l2_rqsts-pf-miss,1343023
sniper-l1,cg,9,12,l2-lines-out-useless-pref,1115894
sniper-l1,cg,10,12,instructions,837593281
sniper-l1,cg,10,12,ipc,0.265002364318
sniper-l1,cg,10,12,cycles,3160701162
sniper-l1,cg,10,12,l2-rqsts-demand-data-rd-all,61734358
sniper-l1,cg,10,12,l2-rqsts-demand-data-rd-miss,13742495
sniper-l1,cg,10,12,l2-rqsts-demand-data-rd-hit,47991863
sniper-l1,cg,10,12,l2_rqsts-all-pf,1621968
sniper-l1,cg,10,12,l2_rqsts-pf-hit,233399
sniper-l1,cg,10,12,l2_rqsts-pf-miss,1388569
sniper-l1,cg,10,12,l2-lines-out-useless-pref,1159534
sniper-l1,cg,11,12,instructions,888671985
sniper-l1,cg,11,12,ipc,0.281162928593
sniper-l1,cg,11,12,cycles,3160701126
sniper-l1,cg,11,12,l2-rqsts-demand-data-rd-all,61214742
sniper-l1,cg,11,12,l2-rqsts-demand-data-rd-miss,13601297
sniper-l1,cg,11,12,l2-rqsts-demand-data-rd-hit,47613445
sniper-l1,cg,11,12,l2_rqsts-all-pf,1546042
sniper-l1,cg,11,12,l2_rqsts-pf-hit,234107
sniper-l1,cg,11,12,l2_rqsts-pf-miss,1311935
sniper-l1,cg,11,12,l2-lines-out-useless-pref,1050772
sniper-l1,is,0,1,instructions,4516378212
sniper-l1,is,0,1,ipc,0.706206892344
sniper-l1,is,0,1,cycles,6395262154
sniper-l1,is,0,1,l2-rqsts-demand-data-rd-all,19461349
sniper-l1,is,0,1,l2-rqsts-demand-data-rd-miss,15495272
sniper-l1,is,0,1,l2-rqsts-demand-data-rd-hit,3966077
sniper-l1,is,0,1,l2_rqsts-all-pf,99513351
sniper-l1,is,0,1,l2_rqsts-pf-hit,3148095
sniper-l1,is,0,1,l2_rqsts-pf-miss,96365256
sniper-l1,is,0,1,l2-lines-out-useless-pref,95661699
sniper-l1,is,0,4,instructions,1139634996
sniper-l1,is,0,4,ipc,0.4496316532
sniper-l1,is,0,4,cycles,2534596903
sniper-l1,is,0,4,l2-rqsts-demand-data-rd-all,4969834
sniper-l1,is,0,4,l2-rqsts-demand-data-rd-miss,3417968
sniper-l1,is,0,4,l2-rqsts-demand-data-rd-hit,1551866
sniper-l1,is,0,4,l2_rqsts-all-pf,16718938
sniper-l1,is,0,4,l2_rqsts-pf-hit,1347503
sniper-l1,is,0,4,l2_rqsts-pf-miss,15371435
sniper-l1,is,0,4,l2-lines-out-useless-pref,14676582
sniper-l1,is,1,4,instructions,1167232826
sniper-l1,is,1,4,ipc,0.460520094151
sniper-l1,is,1,4,cycles,2534596949
sniper-l1,is,1,4,l2-rqsts-demand-data-rd-all,4965666
sniper-l1,is,1,4,l2-rqsts-demand-data-rd-miss,3403276
sniper-l1,is,1,4,l2-rqsts-demand-data-rd-hit,1562390
sniper-l1,is,1,4,l2_rqsts-all-pf,16936474
sniper-l1,is,1,4,l2_rqsts-pf-hit,1358158
sniper-l1,is,1,4,l2_rqsts-pf-miss,15578316
sniper-l1,is,1,4,l2-lines-out-useless-pref,14891182
sniper-l1,is,2,4,instructions,1169482925
sniper-l1,is,2,4,ipc,0.461407849668
sniper-l1,is,2,4,cycles,2534596942
sniper-l1,is,2,4,l2-rqsts-demand-data-rd-all,4961582
sniper-l1,is,2,4,l2-rqsts-demand-data-rd-miss,3400867
sniper-l1,is,2,4,l2-rqsts-demand-data-rd-hit,1560715
sniper-l1,is,2,4,l2_rqsts-all-pf,16970097
sniper-l1,is,2,4,l2_rqsts-pf-hit,1355630
sniper-l1,is,2,4,l2_rqsts-pf-miss,15614467
sniper-l1,is,2,4,l2-lines-out-useless-pref,14909545
sniper-l1,is,3,4,instructions,1164491114
sniper-l1,is,3,4,ipc,0.459438379949
sniper-l1,is,3,4,cycles,2534596944
sniper-l1,is,3,4,l2-rqsts-demand-data-rd-all,4963645
sniper-l1,is,3,4,l2-rqsts-demand-data-rd-miss,3394808
sniper-l1,is,3,4,l2-rqsts-demand-data-rd-hit,1568837
sniper-l1,is,3,4,l2_rqsts-all-pf,16761009
sniper-l1,is,3,4,l2_rqsts-pf-hit,1362717
sniper-l1,is,3,4,l2_rqsts-pf-miss,15398292
sniper-l1,is,3,4,l2-lines-out-useless-pref,14683132
sniper-l1,is,0,12,instructions,395788457
sniper-l1,is,0,12,ipc,0.184877506611
sniper-l1,is,0,12,cycles,2140814554
sniper-l1,is,0,12,l2-rqsts-demand-data-rd-all,1682410
sniper-l1,is,0,12,l2-rqsts-demand-data-rd-miss,1165685
sniper-l1,is,0,12,l2-rqsts-demand-data-rd-hit,516725
sniper-l1,is,0,12,l2_rqsts-all-pf,5635913
sniper-l1,is,0,12,l2_rqsts-pf-hit,447862
sniper-l1,is,0,12,l2_rqsts-pf-miss,5188051
sniper-l1,is,0,12,l2-lines-out-useless-pref,3720269
sniper-l1,is,1,12,instructions,424770612
sniper-l1,is,1,12,ipc,0.198415411244
sniper-l1,is,1,12,cycles,2140814613
sniper-l1,is,1,12,l2-rqsts-demand-data-rd-all,1675635
sniper-l1,is,1,12,l2-rqsts-demand-data-rd-miss,1154690
sniper-l1,is,1,12,l2-rqsts-demand-data-rd-hit,520945
sniper-l1,is,1,12,l2_rqsts-all-pf,5828055
sniper-l1,is,1,12,l2_rqsts-pf-hit,450181
sniper-l1,is,1,12,l2_rqsts-pf-miss,5377874
sniper-l1,is,1,12,l2-lines-out-useless-pref,3918817
sniper-l1,is,2,12,instructions,422508312
sniper-l1,is,2,12,ipc,0.197358664825
sniper-l1,is,2,12,cycles,2140814604
sniper-l1,is,2,12,l2-rqsts-demand-data-rd-all,1671433
sniper-l1,is,2,12,l2-rqsts-demand-data-rd-miss,1157679
sniper-l1,is,2,12,l2-rqsts-demand-data-rd-hit,513754
sniper-l1,is,2,12,l2_rqsts-all-pf,5845414
sniper-l1,is,2,12,l2_rqsts-pf-hit,442835
sniper-l1,is,2,12,l2_rqsts-pf-miss,5402579
sniper-l1,is,2,12,l2-lines-out-useless-pref,3988585
sniper-l1,is,3,12,instructions,425052127
sniper-l1,is,3,12,ipc,0.198546910322
sniper-l1,is,3,12,cycles,2140814613
sniper-l1,is,3,12,l2-rqsts-demand-data-rd-all,1674725
sniper-l1,is,3,12,l2-rqsts-demand-data-rd-miss,1158870
sniper-l1,is,3,12,l2-rqsts-demand-data-rd-hit,515855
sniper-l1,is,3,12,l2_rqsts-all-pf,5858128
sniper-l1,is,3,12,l2_rqsts-pf-hit,445923
sniper-l1,is,3,12,l2_rqsts-pf-miss,5412205
sniper-l1,is,3,12,l2-lines-out-useless-pref,3976152
sniper-l1,is,4,12,instructions,428922715
sniper-l1,is,4,12,ipc,0.200354910411
sniper-l1,is,4,12,cycles,2140814588
sniper-l1,is,4,12,l2-rqsts-demand-data-rd-all,1665736
sniper-l1,is,4,12,l2-rqsts-demand-data-rd-miss,1149743
sniper-l1,is,4,12,l2-rqsts-demand-data-rd-hit,515993
sniper-l1,is,4,12,l2_rqsts-all-pf,5711940
sniper-l1,is,4,12,l2_rqsts-pf-hit,446572
sniper-l1,is,4,12,l2_rqsts-pf-miss,5265368
sniper-l1,is,4,12,l2-lines-out-useless-pref,3796977
sniper-l1,is,5,12,instructions,428592095
sniper-l1,is,5,12,ipc,0.200200472391
sniper-l1,is,5,12,cycles,2140814603
sniper-l1,is,5,12,l2-rqsts-demand-data-rd-all,1660814
sniper-l1,is,5,12,l2-rqsts-demand-data-rd-miss,1149360
sniper-l1,is,5,12,l2-rqsts-demand-data-rd-hit,511454
sniper-l1,is,5,12,l2_rqsts-all-pf,5779522
sniper-l1,is,5,12,l2_rqsts-pf-hit,444094
sniper-l1,is,5,12,l2_rqsts-pf-miss,5335428
sniper-l1,is,5,12,l2-lines-out-useless-pref,3903347
sniper-l1,is,6,12,instructions,428771870
sniper-l1,is,6,12,ipc,0.200284447478
sniper-l1,is,6,12,cycles,2140814603
sniper-l1,is,6,12,l2-rqsts-demand-data-rd-all,1676200
sniper-l1,is,6,12,l2-rqsts-demand-data-rd-miss,1152875
sniper-l1,is,6,12,l2-rqsts-demand-data-rd-hit,523325
sniper-l1,is,6,12,l2_rqsts-all-pf,5771748
sniper-l1,is,6,12,l2_rqsts-pf-hit,453479
sniper-l1,is,6,12,l2_rqsts-pf-miss,5318269
sniper-l1,is,6,12,l2-lines-out-useless-pref,3855495
sniper-l1,is,7,12,instructions,430719778
sniper-l1,is,7,12,ipc,0.201194339442
sniper-l1,is,7,12,cycles,2140814593
sniper-l1,is,7,12,l2-rqsts-demand-data-rd-all,1661531
sniper-l1,is,7,12,l2-rqsts-demand-data-rd-miss,1149215
sniper-l1,is,7,12,l2-rqsts-demand-data-rd-hit,512316
sniper-l1,is,7,12,l2_rqsts-all-pf,6066065
sniper-l1,is,7,12,l2_rqsts-pf-hit,444354
sniper-l1,is,7,12,l2_rqsts-pf-miss,5621711
sniper-l1,is,7,12,l2-lines-out-useless-pref,4188686
sniper-l1,is,8,12,instructions,432992824
sniper-l1,is,8,12,ipc,0.202256107783
sniper-l1,is,8,12,cycles,2140814577
sniper-l1,is,8,12,l2-rqsts-demand-data-rd-all,1671101
sniper-l1,is,8,12,l2-rqsts-demand-data-rd-miss,1147548
sniper-l1,is,8,12,l2-rqsts-demand-data-rd-hit,523553
sniper-l1,is,8,12,l2_rqsts-all-pf,5788508
sniper-l1,is,8,12,l2_rqsts-pf-hit,454832
sniper-l1,is,8,12,l2_rqsts-pf-miss,5333676
sniper-l1,is,8,12,l2-lines-out-useless-pref,3858145
sniper-l1,is,9,12,instructions,431619729
sniper-l1,is,9,12,ipc,0.201614717022
sniper-l1,is,9,12,cycles,2140814596
sniper-l1,is,9,12,l2-rqsts-demand-data-rd-all,1676842
sniper-l1,is,9,12,l2-rqsts-demand-data-rd-miss,1149669
sniper-l1,is,9,12,l2-rqsts-demand-data-rd-hit,527173
sniper-l1,is,9,12,l2_rqsts-all-pf,5691379
sniper-l1,is,9,12,l2_rqsts-pf-hit,457493
sniper-l1,is,9,12,l2_rqsts-pf-miss,5233886
sniper-l1,is,9,12,l2-lines-out-useless-pref,3780350
sniper-l1,is,10,12,instructions,424912288
sniper-l1,is,10,12,ipc,0.198481589358
sniper-l1,is,10,12,cycles,2140814618
sniper-l1,is,10,12,l2-rqsts-demand-data-rd-all,1667297
sniper-l1,is,10,12,l2-rqsts-demand-data-rd-miss,1151926
sniper-l1,is,10,12,l2-rqsts-demand-data-rd-hit,515371
sniper-l1,is,10,12,l2_rqsts-all-pf,5860060
sniper-l1,is,10,12,l2_rqsts-pf-hit,446062
sniper-l1,is,10,12,l2_rqsts-pf-miss,5413998
sniper-l1,is,10,12,l2-lines-out-useless-pref,3964891
sniper-l1,is,11,12,instructions,427076443
sniper-l1,is,11,12,ipc,0.199492492924
sniper-l1,is,11,12,cycles,2140814607
sniper-l1,is,11,12,l2-rqsts-demand-data-rd-all,1674419
sniper-l1,is,11,12,l2-rqsts-demand-data-rd-miss,1151017
sniper-l1,is,11,12,l2-rqsts-demand-data-rd-hit,523402
sniper-l1,is,11,12,l2_rqsts-all-pf,6066333
sniper-l1,is,11,12,l2_rqsts-pf-hit,454943
sniper-l1,is,11,12,l2_rqsts-pf-miss,5611390
sniper-l1,is,11,12,l2-lines-out-useless-pref,4172083
sniper-l1,ft,0,1,instructions,27860227188
sniper-l1,ft,0,1,ipc,2.24194071553
sniper-l1,ft,0,1,cycles,12426834926
sniper-l1,ft,0,1,l2-rqsts-demand-data-rd-all,545823364
sniper-l1,ft,0,1,l2-rqsts-demand-data-rd-miss,45339961
sniper-l1,ft,0,1,l2-rqsts-demand-data-rd-hit,500483403
sniper-l1,ft,0,1,l2_rqsts-all-pf,67570837
sniper-l1,ft,0,1,l2_rqsts-pf-hit,24882718
sniper-l1,ft,0,1,l2_rqsts-pf-miss,42688119
sniper-l1,ft,0,1,l2-lines-out-useless-pref,23475267
sniper-l1,ft,0,4,instructions,6991165287
sniper-l1,ft,0,4,ipc,1.07063137755
sniper-l1,ft,0,4,cycles,6529946192
sniper-l1,ft,0,4,l2-rqsts-demand-data-rd-all,136469676
sniper-l1,ft,0,4,l2-rqsts-demand-data-rd-miss,11675116
sniper-l1,ft,0,4,l2-rqsts-demand-data-rd-hit,124794560
sniper-l1,ft,0,4,l2_rqsts-all-pf,17126243
sniper-l1,ft,0,4,l2_rqsts-pf-hit,6162783
sniper-l1,ft,0,4,l2_rqsts-pf-miss,10963460
sniper-l1,ft,0,4,l2-lines-out-useless-pref,6146733
sniper-l1,ft,1,4,instructions,7044561063
sniper-l1,ft,1,4,ipc,1.07880843597
sniper-l1,ft,1,4,cycles,6529946214
sniper-l1,ft,1,4,l2-rqsts-demand-data-rd-all,136442815
sniper-l1,ft,1,4,l2-rqsts-demand-data-rd-miss,11604220
sniper-l1,ft,1,4,l2-rqsts-demand-data-rd-hit,124838595
sniper-l1,ft,1,4,l2_rqsts-all-pf,17000085
sniper-l1,ft,1,4,l2_rqsts-pf-hit,6188044
sniper-l1,ft,1,4,l2_rqsts-pf-miss,10812041
sniper-l1,ft,1,4,l2-lines-out-useless-pref,5962340
sniper-l1,ft,2,4,instructions,7022557557
sniper-l1,ft,2,4,ipc,1.07543880535
sniper-l1,ft,2,4,cycles,6529946215
sniper-l1,ft,2,4,l2-rqsts-demand-data-rd-all,136443167
sniper-l1,ft,2,4,l2-rqsts-demand-data-rd-miss,11632849
sniper-l1,ft,2,4,l2-rqsts-demand-data-rd-hit,124810318
sniper-l1,ft,2,4,l2_rqsts-all-pf,17067735
sniper-l1,ft,2,4,l2_rqsts-pf-hit,6195113
sniper-l1,ft,2,4,l2_rqsts-pf-miss,10872622
sniper-l1,ft,2,4,l2-lines-out-useless-pref,6017922
sniper-l1,ft,3,4,instructions,7039677429
sniper-l1,ft,3,4,ipc,1.07806055321
sniper-l1,ft,3,4,cycles,6529946215
sniper-l1,ft,3,4,l2-rqsts-demand-data-rd-all,136439044
sniper-l1,ft,3,4,l2-rqsts-demand-data-rd-miss,11603938
sniper-l1,ft,3,4,l2-rqsts-demand-data-rd-hit,124835106
sniper-l1,ft,3,4,l2_rqsts-all-pf,17057224
sniper-l1,ft,3,4,l2_rqsts-pf-hit,6189280
sniper-l1,ft,3,4,l2_rqsts-pf-miss,10867944
sniper-l1,ft,3,4,l2-lines-out-useless-pref,5974545
sniper-l1,ft,0,12,instructions,2428697988
sniper-l1,ft,0,12,ipc,0.471514868804
sniper-l1,ft,0,12,cycles,5150840723
sniper-l1,ft,0,12,l2-rqsts-demand-data-rd-all,46917978
sniper-l1,ft,0,12,l2-rqsts-demand-data-rd-miss,4322311
sniper-l1,ft,0,12,l2-rqsts-demand-data-rd-hit,42595667
sniper-l1,ft,0,12,l2_rqsts-all-pf,5968990
sniper-l1,ft,0,12,l2_rqsts-pf-hit,2059186
sniper-l1,ft,0,12,l2_rqsts-pf-miss,3909804
sniper-l1,ft,0,12,l2-lines-out-useless-pref,1850412
sniper-l1,ft,1,12,instructions,2495073690
sniper-l1,ft,1,12,ipc,0.484401246949
sniper-l1,ft,1,12,cycles,5150840766
sniper-l1,ft,1,12,l2-rqsts-demand-data-rd-all,46905900
sniper-l1,ft,1,12,l2-rqsts-demand-data-rd-miss,4269421
sniper-l1,ft,1,12,l2-rqsts-demand-data-rd-hit,42636479
sniper-l1,ft,1,12,l2_rqsts-all-pf,6136268
sniper-l1,ft,1,12,l2_rqsts-pf-hit,2085972
sniper-l1,ft,1,12,l2_rqsts-pf-miss,4050296
sniper-l1,ft,1,12,l2-lines-out-useless-pref,1981605
sniper-l1,ft,2,12,instructions,2496060866
sniper-l1,ft,2,12,ipc,0.484592900338
sniper-l1,ft,2,12,cycles,5150840766
sniper-l1,ft,2,12,l2-rqsts-demand-data-rd-all,46897521
sniper-l1,ft,2,12,l2-rqsts-demand-data-rd-miss,4272387
sniper-l1,ft,2,12,l2-rqsts-demand-data-rd-hit,42625134
sniper-l1,ft,2,12,l2_rqsts-all-pf,6123844
sniper-l1,ft,2,12,l2_rqsts-pf-hit,2080595
sniper-l1,ft,2,12,l2_rqsts-pf-miss,4043249
sniper-l1,ft,2,12,l2-lines-out-useless-pref,2000010
sniper-l1,ft,3,12,instructions,2499631292
sniper-l1,ft,3,12,ipc,0.485286074613
sniper-l1,ft,3,12,cycles,5150840757
sniper-l1,ft,3,12,l2-rqsts-demand-data-rd-all,46905875
sniper-l1,ft,3,12,l2-rqsts-demand-data-rd-miss,4270080
sniper-l1,ft,3,12,l2-rqsts-demand-data-rd-hit,42635795
sniper-l1,ft,3,12,l2_rqsts-all-pf,6144250
sniper-l1,ft,3,12,l2_rqsts-pf-hit,2085435
sniper-l1,ft,3,12,l2_rqsts-pf-miss,4058815
sniper-l1,ft,3,12,l2-lines-out-useless-pref,1955600
sniper-l1,ft,4,12,instructions,2477461817
sniper-l1,ft,4,12,ipc,0.480982024465
sniper-l1,ft,4,12,cycles,5150840761
sniper-l1,ft,4,12,l2-rqsts-demand-data-rd-all,46215612
sniper-l1,ft,4,12,l2-rqsts-demand-data-rd-miss,4229387
sniper-l1,ft,4,12,l2-rqsts-demand-data-rd-hit,41986225
sniper-l1,ft,4,12,l2_rqsts-all-pf,6119162
sniper-l1,ft,4,12,l2_rqsts-pf-hit,2074792
sniper-l1,ft,4,12,l2_rqsts-pf-miss,4044370
sniper-l1,ft,4,12,l2-lines-out-useless-pref,1970362
sniper-l1,ft,5,12,instructions,2483769207
sniper-l1,ft,5,12,ipc,0.482206559807
sniper-l1,ft,5,12,cycles,5150840768
sniper-l1,ft,5,12,l2-rqsts-demand-data-rd-all,46208490
sniper-l1,ft,5,12,l2-rqsts-demand-data-rd-miss,4180381
sniper-l1,ft,5,12,l2-rqsts-demand-data-rd-hit,42028109
sniper-l1,ft,5,12,l2_rqsts-all-pf,6363386
sniper-l1,ft,5,12,l2_rqsts-pf-hit,2075696
sniper-l1,ft,5,12,l2_rqsts-pf-miss,4287690
sniper-l1,ft,5,12,l2-lines-out-useless-pref,2264004
sniper-l1,ft,6,12,instructions,2482534972
sniper-l1,ft,6,12,ipc,0.481966941623
sniper-l1,ft,6,12,cycles,5150840768
sniper-l1,ft,6,12,l2-rqsts-demand-data-rd-all,46216576
sniper-l1,ft,6,12,l2-rqsts-demand-data-rd-miss,4175680
sniper-l1,ft,6,12,l2-rqsts-demand-data-rd-hit,42040896
sniper-l1,ft,6,12,l2_rqsts-all-pf,5957737
sniper-l1,ft,6,12,l2_rqsts-pf-hit,2081528
sniper-l1,ft,6,12,l2_rqsts-pf-miss,3876209
sniper-l1,ft,6,12,l2-lines-out-useless-pref,1805366
sniper-l1,ft,7,12,instructions,2475547594
sniper-l1,ft,7,12,ipc,0.480610391317
sniper-l1,ft,7,12,cycles,5150840761
sniper-l1,ft,7,12,l2-rqsts-demand-data-rd-all,46216018
sniper-l1,ft,7,12,l2-rqsts-demand-data-rd-miss,4185775
sniper-l1,ft,7,12,l2-rqsts-demand-data-rd-hit,42030243
sniper-l1,ft,7,12,l2_rqsts-all-pf,5949962
sniper-l1,ft,7,12,l2_rqsts-pf-hit,2077136
sniper-l1,ft,7,12,l2_rqsts-pf-miss,3872826
sniper-l1,ft,7,12,l2-lines-out-useless-pref,1794463
sniper-l1,ft,8,12,instructions,2335422079
sniper-l1,ft,8,12,ipc,0.453405991536
sniper-l1,ft,8,12,cycles,5150840797
sniper-l1,ft,8,12,l2-rqsts-demand-data-rd-all,43327782
sniper-l1,ft,8,12,l2-rqsts-demand-data-rd-miss,3919034
sniper-l1,ft,8,12,l2-rqsts-demand-data-rd-hit,39408748
sniper-l1,ft,8,12,l2_rqsts-all-pf,5494273
sniper-l1,ft,8,12,l2_rqsts-pf-hit,1910618
sniper-l1,ft,8,12,l2_rqsts-pf-miss,3583655
sniper-l1,ft,8,12,l2-lines-out-useless-pref,1611055
sniper-l1,ft,9,12,instructions,2335286868
sniper-l1,ft,9,12,ipc,0.453379741839
sniper-l1,ft,9,12,cycles,5150840790
sniper-l1,ft,9,12,l2-rqsts-demand-data-rd-all,43319930
sniper-l1,ft,9,12,l2-rqsts-demand-data-rd-miss,3959022
sniper-l1,ft,9,12,l2-rqsts-demand-data-rd-hit,39360908
sniper-l1,ft,9,12,l2_rqsts-all-pf,5510179
sniper-l1,ft,9,12,l2_rqsts-pf-hit,1899741
sniper-l1,ft,9,12,l2_rqsts-pf-miss,3610438
sniper-l1,ft,9,12,l2-lines-out-useless-pref,1588764
sniper-l1,ft,10,12,instructions,2331177876
sniper-l1,ft,10,12,ipc,0.452582008896
sniper-l1,ft,10,12,cycles,5150840798
sniper-l1,ft,10,12,l2-rqsts-demand-data-rd-all,43327558
sniper-l1,ft,10,12,l2-rqsts-demand-data-rd-miss,3943351
sniper-l1,ft,10,12,l2-rqsts-demand-data-rd-hit,39384207
sniper-l1,ft,10,12,l2_rqsts-all-pf,5538114
sniper-l1,ft,10,12,l2_rqsts-pf-hit,1908884
sniper-l1,ft,10,12,l2_rqsts-pf-miss,3629230
sniper-l1,ft,10,12,l2-lines-out-useless-pref,1619003
sniper-l1,ft,11,12,instructions,2330459359
sniper-l1,ft,11,12,ipc,0.452442514569
sniper-l1,ft,11,12,cycles,5150840789
sniper-l1,ft,11,12,l2-rqsts-demand-data-rd-all,43327056
sniper-l1,ft,11,12,l2-rqsts-demand-data-rd-miss,3936383
sniper-l1,ft,11,12,l2-rqsts-demand-data-rd-hit,39390673
sniper-l1,ft,11,12,l2_rqsts-all-pf,5485277
sniper-l1,ft,11,12,l2_rqsts-pf-hit,1913819
sniper-l1,ft,11,12,l2_rqsts-pf-miss,3571458
sniper-l1,ft,11,12,l2-lines-out-useless-pref,1559238
sniper-l1,ep,0,2,instructions,21436014594
sniper-l1,ep,0,2,ipc,0.753993550008
sniper-l1,ep,0,2,cycles,28429970778
sniper-l1,ep,0,2,l2-rqsts-demand-data-rd-all,35095485
sniper-l1,ep,0,2,l2-rqsts-demand-data-rd-miss,8808097
sniper-l1,ep,0,2,l2-rqsts-demand-data-rd-hit,26287388
sniper-l1,ep,0,2,l2_rqsts-all-pf,47720
sniper-l1,ep,0,2,l2_rqsts-pf-hit,1934
sniper-l1,ep,0,2,l2_rqsts-pf-miss,45786
sniper-l1,ep,0,2,l2-lines-out-useless-pref,28187
sniper-l1,ep,1,2,instructions,21436858279
sniper-l1,ep,1,2,ipc,0.754023224995
sniper-l1,ep,1,2,cycles,28429970813
sniper-l1,ep,1,2,l2-rqsts-demand-data-rd-all,35090765
sniper-l1,ep,1,2,l2-rqsts-demand-data-rd-miss,8713065
sniper-l1,ep,1,2,l2-rqsts-demand-data-rd-hit,26377700
sniper-l1,ep,1,2,l2_rqsts-all-pf,104
sniper-l1,ep,1,2,l2_rqsts-pf-hit,19
sniper-l1,ep,1,2,l2_rqsts-pf-miss,85
sniper-l1,ep,1,2,l2-lines-out-useless-pref,83
sniper-l1,cg,0,2,instructions,4130024684
sniper-l1,cg,0,2,ipc,0.967478371991
sniper-l1,cg,0,2,cycles,4268854791
sniper-l1,cg,0,2,l2-rqsts-demand-data-rd-all,371141941
sniper-l1,cg,0,2,l2-rqsts-demand-data-rd-miss,75602810
sniper-l1,cg,0,2,l2-rqsts-demand-data-rd-hit,295539131
sniper-l1,cg,0,2,l2_rqsts-all-pf,8614728
sniper-l1,cg,0,2,l2_rqsts-pf-hit,997150
sniper-l1,cg,0,2,l2_rqsts-pf-miss,7617578
sniper-l1,cg,0,2,l2-lines-out-useless-pref,7485539
sniper-l1,cg,1,2,instructions,4161213393
sniper-l1,cg,1,2,ipc,0.974784473041
sniper-l1,cg,1,2,cycles,4268854816
sniper-l1,cg,1,2,l2-rqsts-demand-data-rd-all,371017379
sniper-l1,cg,1,2,l2-rqsts-demand-data-rd-miss,75676245
sniper-l1,cg,1,2,l2-rqsts-demand-data-rd-hit,295341134
sniper-l1,cg,1,2,l2_rqsts-all-pf,9228622
sniper-l1,cg,1,2,l2_rqsts-pf-hit,897699
sniper-l1,cg,1,2,l2_rqsts-pf-miss,8330923
sniper-l1,cg,1,2,l2-lines-out-useless-pref,8196999
sniper-l1,is,0,2,instructions,2262938126
sniper-l1,is,0,2,ipc,0.622008720417
sniper-l1,is,0,2,cycles,3638113183
sniper-l1,is,0,2,l2-rqsts-demand-data-rd-all,9871859
sniper-l1,is,0,2,l2-rqsts-demand-data-rd-miss,6748681
sniper-l1,is,0,2,l2-rqsts-demand-data-rd-hit,3123178
sniper-l1,is,0,2,l2_rqsts-all-pf,35071256
sniper-l1,is,0,2,l2_rqsts-pf-hit,2715398
sniper-l1,is,0,2,l2_rqsts-pf-miss,32355858
sniper-l1,is,0,2,l2-lines-out-useless-pref,31334326
sniper-l1,is,1,2,instructions,2276561260
sniper-l1,is,1,2,ipc,0.625753274664
sniper-l1,is,1,2,cycles,3638113218
sniper-l1,is,1,2,l2-rqsts-demand-data-rd-all,9869985
sniper-l1,is,1,2,l2-rqsts-demand-data-rd-miss,6721150
sniper-l1,is,1,2,l2-rqsts-demand-data-rd-hit,3148835
sniper-l1,is,1,2,l2_rqsts-all-pf,35386298
sniper-l1,is,1,2,l2_rqsts-pf-hit,2730095
sniper-l1,is,1,2,l2_rqsts-pf-miss,32656203
sniper-l1,is,1,2,l2-lines-out-useless-pref,31633240
sniper-l1,ft,0,2,instructions,13945421788
sniper-l1,ft,0,2,ipc,1.62520836438
sniper-l1,ft,0,2,cycles,8580697769
sniper-l1,ft,0,2,l2-rqsts-demand-data-rd-all,272864211
sniper-l1,ft,0,2,l2-rqsts-demand-data-rd-miss,22971520
sniper-l1,ft,0,2,l2-rqsts-demand-data-rd-hit,249892691
sniper-l1,ft,0,2,l2_rqsts-all-pf,33603494
sniper-l1,ft,0,2,l2_rqsts-pf-hit,12284398
sniper-l1,ft,0,2,l2_rqsts-pf-miss,21319096
sniper-l1,ft,0,2,l2-lines-out-useless-pref,11724207
sniper-l1,ft,1,2,instructions,13948537283
sniper-l1,ft,1,2,ipc,1.62557144313
sniper-l1,ft,1,2,cycles,8580697785
sniper-l1,ft,1,2,l2-rqsts-demand-data-rd-all,272886285
sniper-l1,ft,1,2,l2-rqsts-demand-data-rd-miss,22854217
sniper-l1,ft,1,2,l2-rqsts-demand-data-rd-hit,250032068
sniper-l1,ft,1,2,l2_rqsts-all-pf,33784612
sniper-l1,ft,1,2,l2_rqsts-pf-hit,12390671
sniper-l1,ft,1,2,l2_rqsts-pf-miss,21393941
sniper-l1,ft,1,2,l2-lines-out-useless-pref,11691090
sniper-l1,mg,0,1,instructions,15058476398
sniper-l1,mg,0,1,ipc,1.01236492466
sniper-l1,mg,0,1,cycles,14874553662
sniper-l1,mg,0,1,l2-rqsts-demand-data-rd-all,268583249
sniper-l1,mg,0,1,l2-rqsts-demand-data-rd-miss,105874734
sniper-l1,mg,0,1,l2-rqsts-demand-data-rd-hit,162708515
sniper-l1,mg,0,1,l2_rqsts-all-pf,455348680
sniper-l1,mg,0,1,l2_rqsts-pf-hit,99270179
sniper-l1,mg,0,1,l2_rqsts-pf-miss,356078501
sniper-l1,mg,0,1,l2-lines-out-useless-pref,319561878
sniper-l1,mg,0,2,instructions,7225850489
sniper-l1,mg,0,2,ipc,0.532717483682
sniper-l1,mg,0,2,cycles,13564132416
sniper-l1,mg,0,2,l2-rqsts-demand-data-rd-all,134626595
sniper-l1,mg,0,2,l2-rqsts-demand-data-rd-miss,50931365
sniper-l1,mg,0,2,l2-rqsts-demand-data-rd-hit,83695230
sniper-l1,mg,0,2,l2_rqsts-all-pf,305961431
sniper-l1,mg,0,2,l2_rqsts-pf-hit,52181688
sniper-l1,mg,0,2,l2_rqsts-pf-miss,253779743
sniper-l1,mg,0,2,l2-lines-out-useless-pref,242351404
sniper-l1,mg,1,2,instructions,7242819826
sniper-l1,mg,1,2,ipc,0.533968526501
sniper-l1,mg,1,2,cycles,13564132465
sniper-l1,mg,1,2,l2-rqsts-demand-data-rd-all,134163570
sniper-l1,mg,1,2,l2-rqsts-demand-data-rd-miss,51083678
sniper-l1,mg,1,2,l2-rqsts-demand-data-rd-hit,83079892
sniper-l1,mg,1,2,l2_rqsts-all-pf,307905809
sniper-l1,mg,1,2,l2_rqsts-pf-hit,51889060
sniper-l1,mg,1,2,l2_rqsts-pf-miss,256016749
sniper-l1,mg,1,2,l2-lines-out-useless-pref,244354819
sniper-l1,mg,0,4,instructions,3665472024
sniper-l1,mg,0,4,ipc,0.213096926547
sniper-l1,mg,0,4,cycles,17200961475
sniper-l1,mg,0,4,l2-rqsts-demand-data-rd-all,67638631
sniper-l1,mg,0,4,l2-rqsts-demand-data-rd-miss,23593704
sniper-l1,mg,0,4,l2-rqsts-demand-data-rd-hit,44044927
sniper-l1,mg,0,4,l2_rqsts-all-pf,188263180
sniper-l1,mg,0,4,l2_rqsts-pf-hit,28091093
sniper-l1,mg,0,4,l2_rqsts-pf-miss,160172087
sniper-l1,mg,0,4,l2-lines-out-useless-pref,153766672
sniper-l1,mg,1,4,instructions,3699150599
sniper-l1,mg,1,4,ipc,0.215054872377
sniper-l1,mg,1,4,cycles,17200961587
sniper-l1,mg,1,4,l2-rqsts-demand-data-rd-all,67470633
sniper-l1,mg,1,4,l2-rqsts-demand-data-rd-miss,23914901
sniper-l1,mg,1,4,l2-rqsts-demand-data-rd-hit,43555732
sniper-l1,mg,1,4,l2_rqsts-all-pf,189739468
sniper-l1,mg,1,4,l2_rqsts-pf-hit,27675699
sniper-l1,mg,1,4,l2_rqsts-pf-miss,162063769
sniper-l1,mg,1,4,l2-lines-out-useless-pref,155678748
sniper-l1,mg,2,4,instructions,3680478838
sniper-l1,mg,2,4,ipc,0.213969365499
sniper-l1,mg,2,4,cycles,17200961592
sniper-l1,mg,2,4,l2-rqsts-demand-data-rd-all,67474924
sniper-l1,mg,2,4,l2-rqsts-demand-data-rd-miss,23916976
sniper-l1,mg,2,4,l2-rqsts-demand-data-rd-hit,43557948
sniper-l1,mg,2,4,l2_rqsts-all-pf,189617675
sniper-l1,mg,2,4,l2_rqsts-pf-hit,27676919
sniper-l1,mg,2,4,l2_rqsts-pf-miss,161940756
sniper-l1,mg,2,4,l2-lines-out-useless-pref,155568864
sniper-l1,mg,3,4,instructions,3695571678
sniper-l1,mg,3,4,ipc,0.214846807195
sniper-l1,mg,3,4,cycles,17200961588
sniper-l1,mg,3,4,l2-rqsts-demand-data-rd-all,67471773
sniper-l1,mg,3,4,l2-rqsts-demand-data-rd-miss,23883146
sniper-l1,mg,3,4,l2-rqsts-demand-data-rd-hit,43588627
sniper-l1,mg,3,4,l2_rqsts-all-pf,190484694
sniper-l1,mg,3,4,l2_rqsts-pf-hit,27702178
sniper-l1,mg,3,4,l2_rqsts-pf-miss,162782516
sniper-l1,mg,3,4,l2-lines-out-useless-pref,156373435
sniper-l1,mg,0,12,instructions,1406221329
sniper-l1,mg,0,12,ipc,0.0794493553591
sniper-l1,mg,0,12,cycles,17699593944
sniper-l1,mg,0,12,l2-rqsts-demand-data-rd-all,23272878
sniper-l1,mg,0,12,l2-rqsts-demand-data-rd-miss,8015730
sniper-l1,mg,0,12,l2-rqsts-demand-data-rd-hit,15257148
sniper-l1,mg,0,12,l2_rqsts-all-pf,66352890
sniper-l1,mg,0,12,l2_rqsts-pf-hit,9712116
sniper-l1,mg,0,12,l2_rqsts-pf-miss,56640774
sniper-l1,mg,0,12,l2-lines-out-useless-pref,41898912
sniper-l1,mg,1,12,instructions,1465332572
sniper-l1,mg,1,12,ipc,0.0827890492178
sniper-l1,mg,1,12,cycles,17699594159
sniper-l1,mg,1,12,l2-rqsts-demand-data-rd-all,23251676
sniper-l1,mg,1,12,l2-rqsts-demand-data-rd-miss,8197372
sniper-l1,mg,1,12,l2-rqsts-demand-data-rd-hit,15054304
sniper-l1,mg,1,12,l2_rqsts-all-pf,66854878
sniper-l1,mg,1,12,l2_rqsts-pf-hit,9549483
sniper-l1,mg,1,12,l2_rqsts-pf-miss,57305395
sniper-l1,mg,1,12,l2-lines-out-useless-pref,42698527
sniper-l1,mg,2,12,instructions,1481625569
sniper-l1,mg,2,12,ipc,0.0837095787684
sniper-l1,mg,2,12,cycles,17699594130
sniper-l1,mg,2,12,l2-rqsts-demand-data-rd-all,23249276
sniper-l1,mg,2,12,l2-rqsts-demand-data-rd-miss,8204843
sniper-l1,mg,2,12,l2-rqsts-demand-data-rd-hit,15044433
sniper-l1,mg,2,12,l2_rqsts-all-pf,67015256
sniper-l1,mg,2,12,l2_rqsts-pf-hit,9538679
sniper-l1,mg,2,12,l2_rqsts-pf-miss,57476577
sniper-l1,mg,2,12,l2-lines-out-useless-pref,42656221
sniper-l1,mg,3,12,instructions,1485525606
sniper-l1,mg,3,12,ipc,0.0839299249273
sniper-l1,mg,3,12,cycles,17699594123
sniper-l1,mg,3,12,l2-rqsts-demand-data-rd-all,23248106
sniper-l1,mg,3,12,l2-rqsts-demand-data-rd-miss,8187646
sniper-l1,mg,3,12,l2-rqsts-demand-data-rd-hit,15060460
sniper-l1,mg,3,12,l2_rqsts-all-pf,67284842
sniper-l1,mg,3,12,l2_rqsts-pf-hit,9552357
sniper-l1,mg,3,12,l2_rqsts-pf-miss,57732485
sniper-l1,mg,3,12,l2-lines-out-useless-pref,42350700
sniper-l1,mg,4,12,instructions,1483214682
sniper-l1,mg,4,12,ipc,0.083799361236
sniper-l1,mg,4,12,cycles,17699594127
sniper-l1,mg,4,12,l2-rqsts-demand-data-rd-all,22353161
sniper-l1,mg,4,12,l2-rqsts-demand-data-rd-miss,7887017
sniper-l1,mg,4,12,l2-rqsts-demand-data-rd-hit,14466144
sniper-l1,mg,4,12,l2_rqsts-all-pf,64368272
sniper-l1,mg,4,12,l2_rqsts-pf-hit,9201151
sniper-l1,mg,4,12,l2_rqsts-pf-miss,55167121
sniper-l1,mg,4,12,l2-lines-out-useless-pref,39529221
sniper-l1,mg,5,12,instructions,1492647734
sniper-l1,mg,5,12,ipc,0.0843323144968
sniper-l1,mg,5,12,cycles,17699594075
sniper-l1,mg,5,12,l2-rqsts-demand-data-rd-all,22316848
sniper-l1,mg,5,12,l2-rqsts-demand-data-rd-miss,7907263
sniper-l1,mg,5,12,l2-rqsts-demand-data-rd-hit,14409585
sniper-l1,mg,5,12,l2_rqsts-all-pf,63876303
sniper-l1,mg,5,12,l2_rqsts-pf-hit,9134049
sniper-l1,mg,5,12,l2_rqsts-pf-miss,54742254
sniper-l1,mg,5,12,l2-lines-out-useless-pref,38902606
sniper-l1,mg,6,12,instructions,1484704636
sniper-l1,mg,6,12,ipc,0.0838835413709
sniper-l1,mg,6,12,cycles,17699594124
sniper-l1,mg,6,12,l2-rqsts-demand-data-rd-all,22316982
sniper-l1,mg,6,12,l2-rqsts-demand-data-rd-miss,7905409
sniper-l1,mg,6,12,l2-rqsts-demand-data-rd-hit,14411573
sniper-l1,mg,6,12,l2_rqsts-all-pf,64145059
sniper-l1,mg,6,12,l2_rqsts-pf-hit,9157586
sniper-l1,mg,6,12,l2_rqsts-pf-miss,54987473
sniper-l1,mg,6,12,l2-lines-out-useless-pref,39455036
sniper-l1,mg,7,12,instructions,1491411294
sniper-l1,mg,7,12,ipc,0.0842624575173
sniper-l1,mg,7,12,cycles,17699594077
sniper-l1,mg,7,12,l2-rqsts-demand-data-rd-all,22317904
sniper-l1,mg,7,12,l2-rqsts-demand-data-rd-miss,7934849
sniper-l1,mg,7,12,l2-rqsts-demand-data-rd-hit,14383055
sniper-l1,mg,7,12,l2_rqsts-all-pf,63724016
sniper-l1,mg,7,12,l2_rqsts-pf-hit,9137517
sniper-l1,mg,7,12,l2_rqsts-pf-miss,54586499
sniper-l1,mg,7,12,l2-lines-out-useless-pref,39021969
sniper-l1,mg,8,12,instructions,1486235095
sniper-l1,mg,8,12,ipc,0.0839700099768
sniper-l1,mg,8,12,cycles,17699594121
sniper-l1,mg,8,12,l2-rqsts-demand-data-rd-all,22041129
sniper-l1,mg,8,12,l2-rqsts-demand-data-rd-miss,7798796
sniper-l1,mg,8,12,l2-rqsts-demand-data-rd-hit,14242333
sniper-l1,mg,8,12,l2_rqsts-all-pf,63407415
sniper-l1,mg,8,12,l2_rqsts-pf-hit,9060445
sniper-l1,mg,8,12,l2_rqsts-pf-miss,54346970
sniper-l1,mg,8,12,l2-lines-out-useless-pref,38867650
sniper-l1,mg,9,12,instructions,1479526259
sniper-l1,mg,9,12,ipc,0.0835909711157
sniper-l1,mg,9,12,cycles,17699594097
sniper-l1,mg,9,12,l2-rqsts-demand-data-rd-all,21928027
sniper-l1,mg,9,12,l2-rqsts-demand-data-rd-miss,7741696
sniper-l1,mg,9,12,l2-rqsts-demand-data-rd-hit,14186331
sniper-l1,mg,9,12,l2_rqsts-all-pf,63036246
sniper-l1,mg,9,12,l2_rqsts-pf-hit,9006936
sniper-l1,mg,9,12,l2_rqsts-pf-miss,54029310
sniper-l1,mg,9,12,l2-lines-out-useless-pref,38715988
sniper-l1,mg,10,12,instructions,1490340013
sniper-l1,mg,10,12,ipc,0.0842019316006
sniper-l1,mg,10,12,cycles,17699594114
sniper-l1,mg,10,12,l2-rqsts-demand-data-rd-all,21927934
sniper-l1,mg,10,12,l2-rqsts-demand-data-rd-miss,7755651
sniper-l1,mg,10,12,l2-rqsts-demand-data-rd-hit,14172283
sniper-l1,mg,10,12,l2_rqsts-all-pf,63176145
sniper-l1,mg,10,12,l2_rqsts-pf-hit,8986830
sniper-l1,mg,10,12,l2_rqsts-pf-miss,54189315
sniper-l1,mg,10,12,l2-lines-out-useless-pref,38856039
sniper-l1,mg,11,12,instructions,1496013910
sniper-l1,mg,11,12,ipc,0.0845224981517
sniper-l1,mg,11,12,cycles,17699594104
sniper-l1,mg,11,12,l2-rqsts-demand-data-rd-all,21930654
sniper-l1,mg,11,12,l2-rqsts-demand-data-rd-miss,7731051
sniper-l1,mg,11,12,l2-rqsts-demand-data-rd-hit,14199603
sniper-l1,mg,11,12,l2_rqsts-all-pf,63507881
sniper-l1,mg,11,12,l2_rqsts-pf-hit,9010410
sniper-l1,mg,11,12,l2_rqsts-pf-miss,54497471
sniper-l1,mg,11,12,l2-lines-out-useless-pref,39674632
