version,app,size,cpu,threads,metric,value
native-L1,cg,W,0,2,MEM-LOAD-L3-HIT-RETIRED-XSNP-MISS,66
native-L1,cg,W,1,2,MEM-LOAD-L3-HIT-RETIRED-XSNP-MISS,66
native-L2,cg,B,0,12,MEM-LOAD-L3-HIT-RETIRED-XSNP-NONE,51513648
native-L2,cg,B,1,12,MEM-LOAD-L3-HIT-RETIRED-XSNP-NONE,51516009
native-L2,cg,B,2,12,MEM-LOAD-L3-HIT-RETIRED-XSNP-NONE,51516009
native-L2,cg,B,3,12,MEM-LOAD-L3-HIT-RETIRED-XSNP-NONE,51516009
native-L2,cg,B,4,12,MEM-LOAD-L3-HIT-RETIRED-XSNP-NONE,51516009
native-L2,cg,B,5,12,MEM-LOAD-L3-HIT-RETIRED-XSNP-NONE,51516009
native-L2,cg,B,6,12,MEM-LOAD-L3-HIT-RETIRED-XSNP-NONE,51516009
native-L2,cg,B,7,12,MEM-LOAD-L3-HIT-RETIRED-XSNP-NONE,51516009
native-L2,cg,B,8,12,MEM-LOAD-L3-HIT-RETIRED-XSNP-NONE,51516009
native-L2,cg,B,9,12,MEM-LOAD-L3-HIT-RETIRED-XSNP-NONE,51516009
native-L2,cg,B,10,12,MEM-LOAD-L3-HIT-RETIRED-XSNP-NONE,51516009
native-L2,cg,B,11,12,MEM-LOAD-L3-HIT-RETIRED-XSNP-NONE,51516009
native-none,cg,W,0,4,MEM-LOAD-L3-HIT-RETIRED-XSNP-MISS,30
native-none,cg,W,1,4,MEM-LOAD-L3-HIT-RETIRED-XSNP-MISS,30
native-none,cg,W,2,4,MEM-LOAD-L3-HIT-RETIRED-XSNP-MISS,30
native-none,cg,W,3,4,MEM-LOAD-L3-HIT-RETIRED-XSNP-MISS,30
native-none,cg,B,0,12,MEM-LOAD-L3-HIT-RETIRED-XSNP-MISS,325
native-none,cg,B,1,12,MEM-LOAD-L3-HIT-RETIRED-XSNP-MISS,325
native-none,cg,B,2,12,MEM-LOAD-L3-HIT-RETIRED-XSNP-MISS,325
native-none,cg,B,3,12,MEM-LOAD-L3-HIT-RETIRED-XSNP-MISS,325
native-none,cg,B,4,12,MEM-LOAD-L3-HIT-RETIRED-XSNP-MISS,325
native-none,cg,B,5,12,MEM-LOAD-L3-HIT-RETIRED-XSNP-MISS,325
native-none,cg,B,6,12,MEM-LOAD-L3-HIT-RETIRED-XSNP-MISS,325
native-none,cg,B,7,12,MEM-LOAD-L3-HIT-RETIRED-XSNP-MISS,325
native-none,cg,B,8,12,MEM-LOAD-L3-HIT-RETIRED-XSNP-MISS,325
native-none,cg,B,9,12,MEM-LOAD-L3-HIT-RETIRED-XSNP-MISS,325
native-none,cg,B,10,12,MEM-LOAD-L3-HIT-RETIRED-XSNP-MISS,325
native-none,cg,B,11,12,MEM-LOAD-L3-HIT-RETIRED-XSNP-MISS,325
native-L1,cg,A,0,2,MEM-LOAD-L3-HIT-RETIRED-XSNP-NONE,380382
native-L1,cg,A,1,2,MEM-LOAD-L3-HIT-RETIRED-XSNP-NONE,382743
native-L1,cg,W,0,1,MEM-LOAD-L3-HIT-RETIRED-XSNP-HITM,4
native-none,cg,W,0,4,MEM-LOAD-L3-HIT-RETIRED-XSNP-HITM,182249
native-none,cg,W,1,4,MEM-LOAD-L3-HIT-RETIRED-XSNP-HITM,182249
native-none,cg,W,2,4,MEM-LOAD-L3-HIT-RETIRED-XSNP-HITM,182249
native-none,cg,W,3,4,MEM-LOAD-L3-HIT-RETIRED-XSNP-HITM,182249
native-L2,cg,B,0,1,MEM-LOAD-L3-HIT-RETIRED-XSNP-HIT,0
native-L1-L2,cg,W,0,2,MEM-LOAD-L3-HIT-RETIRED-XSNP-HIT,9760
native-L1-L2,cg,W,1,2,MEM-LOAD-L3-HIT-RETIRED-XSNP-HIT,9760
native-L2,cg,A,0,1,MEM-LOAD-L3-HIT-RETIRED-XSNP-HITM,0
native-none,cg,A,0,12,MEM-LOAD-L3-HIT-RETIRED-XSNP-HIT,3612
native-none,cg,A,1,12,MEM-LOAD-L3-HIT-RETIRED-XSNP-HIT,3612
native-none,cg,A,2,12,MEM-LOAD-L3-HIT-RETIRED-XSNP-HIT,3612
native-none,cg,A,3,12,MEM-LOAD-L3-HIT-RETIRED-XSNP-HIT,3612
native-none,cg,A,4,12,MEM-LOAD-L3-HIT-RETIRED-XSNP-HIT,3612
native-none,cg,A,5,12,MEM-LOAD-L3-HIT-RETIRED-XSNP-HIT,3612
native-none,cg,A,6,12,MEM-LOAD-L3-HIT-RETIRED-XSNP-HIT,3612
native-none,cg,A,7,12,MEM-LOAD-L3-HIT-RETIRED-XSNP-HIT,3612
native-none,cg,A,8,12,MEM-LOAD-L3-HIT-RETIRED-XSNP-HIT,3612
native-none,cg,A,9,12,MEM-LOAD-L3-HIT-RETIRED-XSNP-HIT,3612
native-none,cg,A,10,12,MEM-LOAD-L3-HIT-RETIRED-XSNP-HIT,3612
native-none,cg,A,11,12,MEM-LOAD-L3-HIT-RETIRED-XSNP-HIT,3612
native-L2,cg,W,0,2,MEM-LOAD-L3-HIT-RETIRED-XSNP-HIT,10074
native-L2,cg,W,1,2,MEM-LOAD-L3-HIT-RETIRED-XSNP-HIT,10074
native-L2,cg,B,0,8,MEM-LOAD-L3-HIT-RETIRED-XSNP-HITM,2188621
native-L2,cg,B,1,8,MEM-LOAD-L3-HIT-RETIRED-XSNP-HITM,2188627
native-L2,cg,B,2,8,MEM-LOAD-L3-HIT-RETIRED-XSNP-HITM,2188627
native-L2,cg,B,3,8,MEM-LOAD-L3-HIT-RETIRED-XSNP-HITM,2188627
native-L2,cg,B,4,8,MEM-LOAD-L3-HIT-RETIRED-XSNP-HITM,2188627
native-L2,cg,B,5,8,MEM-LOAD-L3-HIT-RETIRED-XSNP-HITM,2188627
native-L2,cg,B,6,8,MEM-LOAD-L3-HIT-RETIRED-XSNP-HITM,2188627
native-L2,cg,B,7,8,MEM-LOAD-L3-HIT-RETIRED-XSNP-HITM,2188627
native-L1-L2,cg,W,0,12,MEM-LOAD-L3-HIT-RETIRED-XSNP-HITM,780249
native-L1-L2,cg,W,1,12,MEM-LOAD-L3-HIT-RETIRED-XSNP-HITM,780249
native-L1-L2,cg,W,2,12,MEM-LOAD-L3-HIT-RETIRED-XSNP-HITM,780249
native-L1-L2,cg,W,3,12,MEM-LOAD-L3-HIT-RETIRED-XSNP-HITM,780249
native-L1-L2,cg,W,4,12,MEM-LOAD-L3-HIT-RETIRED-XSNP-HITM,780249
native-L1-L2,cg,W,5,12,MEM-LOAD-L3-HIT-RETIRED-XSNP-HITM,780249
native-L1-L2,cg,W,6,12,MEM-LOAD-L3-HIT-RETIRED-XSNP-HITM,780249
native-L1-L2,cg,W,7,12,MEM-LOAD-L3-HIT-RETIRED-XSNP-HITM,780249
native-L1-L2,cg,W,8,12,MEM-LOAD-L3-HIT-RETIRED-XSNP-HITM,780249
native-L1-L2,cg,W,9,12,MEM-LOAD-L3-HIT-RETIRED-XSNP-HITM,780249
native-L1-L2,cg,W,10,12,MEM-LOAD-L3-HIT-RETIRED-XSNP-HITM,780249
native-L1-L2,cg,W,11,12,MEM-LOAD-L3-HIT-RETIRED-XSNP-HITM,780250
native-L2,cg,B,0,1,MEM-LOAD-L3-HIT-RETIRED-XSNP-HITM,0
native-L1,cg,W,0,4,MEM-LOAD-L3-HIT-RETIRED-XSNP-MISS,62
native-L1,cg,W,1,4,MEM-LOAD-L3-HIT-RETIRED-XSNP-MISS,62
native-L1,cg,W,2,4,MEM-LOAD-L3-HIT-RETIRED-XSNP-MISS,62
native-L1,cg,W,3,4,MEM-LOAD-L3-HIT-RETIRED-XSNP-MISS,62
native-L1,cg,A,0,8,MEM-LOAD-L3-HIT-RETIRED-XSNP-HITM,57297
native-L1,cg,A,1,8,MEM-LOAD-L3-HIT-RETIRED-XSNP-HITM,57297
native-L1,cg,A,2,8,MEM-LOAD-L3-HIT-RETIRED-XSNP-HITM,57297
native-L1,cg,A,3,8,MEM-LOAD-L3-HIT-RETIRED-XSNP-HITM,57297
native-L1,cg,A,4,8,MEM-LOAD-L3-HIT-RETIRED-XSNP-HITM,57297
native-L1,cg,A,5,8,MEM-LOAD-L3-HIT-RETIRED-XSNP-HITM,57297
native-L1,cg,A,6,8,MEM-LOAD-L3-HIT-RETIRED-XSNP-HITM,57297
native-L1,cg,A,7,8,MEM-LOAD-L3-HIT-RETIRED-XSNP-HITM,57297
native-L2,cg,A,0,4,MEM-LOAD-L3-HIT-RETIRED-XSNP-NONE,365871
native-L2,cg,A,1,4,MEM-LOAD-L3-HIT-RETIRED-XSNP-NONE,368238
native-L2,cg,A,2,4,MEM-LOAD-L3-HIT-RETIRED-XSNP-NONE,368238
native-L2,cg,A,3,4,MEM-LOAD-L3-HIT-RETIRED-XSNP-NONE,368238
native-L2,cg,A,0,1,MEM-LOAD-L3-HIT-RETIRED-XSNP-NONE,847523
native-none,cg,W,0,2,MEM-LOAD-L3-HIT-RETIRED-XSNP-MISS,59
native-none,cg,W,1,2,MEM-LOAD-L3-HIT-RETIRED-XSNP-MISS,59
native-none,cg,W,0,8,MEM-LOAD-L3-HIT-RETIRED-XSNP-MISS,79
native-none,cg,W,1,8,MEM-LOAD-L3-HIT-RETIRED-XSNP-MISS,79
native-none,cg,W,2,8,MEM-LOAD-L3-HIT-RETIRED-XSNP-MISS,79
native-none,cg,W,3,8,MEM-LOAD-L3-HIT-RETIRED-XSNP-MISS,79
native-none,cg,W,4,8,MEM-LOAD-L3-HIT-RETIRED-XSNP-MISS,79
native-none,cg,W,5,8,MEM-LOAD-L3-HIT-RETIRED-XSNP-MISS,79
native-none,cg,W,6,8,MEM-LOAD-L3-HIT-RETIRED-XSNP-MISS,79
native-none,cg,W,7,8,MEM-LOAD-L3-HIT-RETIRED-XSNP-MISS,79
native-L1,cg,B,0,1,MEM-LOAD-L3-HIT-RETIRED-XSNP-NONE,453134219
native-L1,cg,B,0,4,MEM-LOAD-L3-HIT-RETIRED-XSNP-HITM,4608509
native-L1,cg,B,1,4,MEM-LOAD-L3-HIT-RETIRED-XSNP-HITM,4608510
native-L1,cg,B,2,4,MEM-LOAD-L3-HIT-RETIRED-XSNP-HITM,4608510
native-L1,cg,B,3,4,MEM-LOAD-L3-HIT-RETIRED-XSNP-HITM,4608510
native-L1,cg,W,0,12,MEM-LOAD-L3-HIT-RETIRED-XSNP-NONE,3770116
native-L1,cg,W,1,12,MEM-LOAD-L3-HIT-RETIRED-XSNP-NONE,3772545
native-L1,cg,W,2,12,MEM-LOAD-L3-HIT-RETIRED-XSNP-NONE,3772581
native-L1,cg,W,3,12,MEM-LOAD-L3-HIT-RETIRED-XSNP-NONE,3772669
native-L1,cg,W,4,12,MEM-LOAD-L3-HIT-RETIRED-XSNP-NONE,3772738
native-L1,cg,W,5,12,MEM-LOAD-L3-HIT-RETIRED-XSNP-NONE,3772806
native-L1,cg,W,6,12,MEM-LOAD-L3-HIT-RETIRED-XSNP-NONE,3772897
native-L1,cg,W,7,12,MEM-LOAD-L3-HIT-RETIRED-XSNP-NONE,3772950
native-L1,cg,W,8,12,MEM-LOAD-L3-HIT-RETIRED-XSNP-NONE,3773016
native-L1,cg,W,9,12,MEM-LOAD-L3-HIT-RETIRED-XSNP-NONE,3773094
native-L1,cg,W,10,12,MEM-LOAD-L3-HIT-RETIRED-XSNP-NONE,3773175
native-L1,cg,W,11,12,MEM-LOAD-L3-HIT-RETIRED-XSNP-NONE,3773245
native-L1-L2,cg,B,0,1,MEM-LOAD-L3-HIT-RETIRED-XSNP-MISS,0
native-none,cg,W,0,1,MEM-LOAD-L3-HIT-RETIRED-XSNP-MISS,0
native-L1-L2,cg,B,0,1,MEM-LOAD-L3-HIT-RETIRED-XSNP-HIT,0
native-L1,cg,W,0,8,MEM-LOAD-L3-HIT-RETIRED-XSNP-HITM,790213
native-L1,cg,W,1,8,MEM-LOAD-L3-HIT-RETIRED-XSNP-HITM,790214
native-L1,cg,W,2,8,MEM-LOAD-L3-HIT-RETIRED-XSNP-HITM,790214
native-L1,cg,W,3,8,MEM-LOAD-L3-HIT-RETIRED-XSNP-HITM,790214
native-L1,cg,W,4,8,MEM-LOAD-L3-HIT-RETIRED-XSNP-HITM,790214
native-L1,cg,W,5,8,MEM-LOAD-L3-HIT-RETIRED-XSNP-HITM,790214
native-L1,cg,W,6,8,MEM-LOAD-L3-HIT-RETIRED-XSNP-HITM,790214
native-L1,cg,W,7,8,MEM-LOAD-L3-HIT-RETIRED-XSNP-HITM,790214
native-L2,cg,A,0,2,MEM-LOAD-L3-HIT-RETIRED-XSNP-NONE,380127
native-L2,cg,A,1,2,MEM-LOAD-L3-HIT-RETIRED-XSNP-NONE,382442
native-L1,cg,B,0,1,MEM-LOAD-L3-HIT-RETIRED-XSNP-HITM,0
native-L1,cg,A,0,2,MEM-LOAD-L3-HIT-RETIRED-XSNP-HITM,321547
native-L1,cg,A,1,2,MEM-LOAD-L3-HIT-RETIRED-XSNP-HITM,321549
native-L1-L2,cg,A,0,12,MEM-LOAD-L3-HIT-RETIRED-XSNP-HITM,54428
native-L1-L2,cg,A,1,12,MEM-LOAD-L3-HIT-RETIRED-XSNP-HITM,54428
native-L1-L2,cg,A,2,12,MEM-LOAD-L3-HIT-RETIRED-XSNP-HITM,54428
native-L1-L2,cg,A,3,12,MEM-LOAD-L3-HIT-RETIRED-XSNP-HITM,54428
native-L1-L2,cg,A,4,12,MEM-LOAD-L3-HIT-RETIRED-XSNP-HITM,54428
native-L1-L2,cg,A,5,12,MEM-LOAD-L3-HIT-RETIRED-XSNP-HITM,54428
native-L1-L2,cg,A,6,12,MEM-LOAD-L3-HIT-RETIRED-XSNP-HITM,54428
native-L1-L2,cg,A,7,12,MEM-LOAD-L3-HIT-RETIRED-XSNP-HITM,54428
native-L1-L2,cg,A,8,12,MEM-LOAD-L3-HIT-RETIRED-XSNP-HITM,54428
native-L1-L2,cg,A,9,12,MEM-LOAD-L3-HIT-RETIRED-XSNP-HITM,54428
native-L1-L2,cg,A,10,12,MEM-LOAD-L3-HIT-RETIRED-XSNP-HITM,54428
native-L1-L2,cg,A,11,12,MEM-LOAD-L3-HIT-RETIRED-XSNP-HITM,54428
native-L1,cg,A,0,4,MEM-LOAD-L3-HIT-RETIRED-XSNP-HIT,6035
native-L1,cg,A,1,4,MEM-LOAD-L3-HIT-RETIRED-XSNP-HIT,6035
native-L1,cg,A,2,4,MEM-LOAD-L3-HIT-RETIRED-XSNP-HIT,6035
native-L1,cg,A,3,4,MEM-LOAD-L3-HIT-RETIRED-XSNP-HIT,6035
native-none,cg,A,0,1,MEM-LOAD-L3-HIT-RETIRED-XSNP-HITM,0
native-L1-L2,cg,W,0,12,MEM-LOAD-L3-HIT-RETIRED-XSNP-HIT,12245
native-L1-L2,cg,W,1,12,MEM-LOAD-L3-HIT-RETIRED-XSNP-HIT,12245
native-L1-L2,cg,W,2,12,MEM-LOAD-L3-HIT-RETIRED-XSNP-HIT,12245
native-L1-L2,cg,W,3,12,MEM-LOAD-L3-HIT-RETIRED-XSNP-HIT,12245
native-L1-L2,cg,W,4,12,MEM-LOAD-L3-HIT-RETIRED-XSNP-HIT,12245
native-L1-L2,cg,W,5,12,MEM-LOAD-L3-HIT-RETIRED-XSNP-HIT,12245
native-L1-L2,cg,W,6,12,MEM-LOAD-L3-HIT-RETIRED-XSNP-HIT,12245
native-L1-L2,cg,W,7,12,MEM-LOAD-L3-HIT-RETIRED-XSNP-HIT,12245
native-L1-L2,cg,W,8,12,MEM-LOAD-L3-HIT-RETIRED-XSNP-HIT,12245
native-L1-L2,cg,W,9,12,MEM-LOAD-L3-HIT-RETIRED-XSNP-HIT,12245
native-L1-L2,cg,W,10,12,MEM-LOAD-L3-HIT-RETIRED-XSNP-HIT,12245
native-L1-L2,cg,W,11,12,MEM-LOAD-L3-HIT-RETIRED-XSNP-HIT,12245
native-none,cg,A,0,8,MEM-LOAD-L3-HIT-RETIRED-XSNP-NONE,392130
native-none,cg,A,1,8,MEM-LOAD-L3-HIT-RETIRED-XSNP-NONE,394581
native-none,cg,A,2,8,MEM-LOAD-L3-HIT-RETIRED-XSNP-NONE,394581
native-none,cg,A,3,8,MEM-LOAD-L3-HIT-RETIRED-XSNP-NONE,394581
native-none,cg,A,4,8,MEM-LOAD-L3-HIT-RETIRED-XSNP-NONE,394582
native-none,cg,A,5,8,MEM-LOAD-L3-HIT-RETIRED-XSNP-NONE,394582
native-none,cg,A,6,8,MEM-LOAD-L3-HIT-RETIRED-XSNP-NONE,394582
native-none,cg,A,7,8,MEM-LOAD-L3-HIT-RETIRED-XSNP-NONE,394582
native-L2,cg,B,0,8,MEM-LOAD-L3-HIT-RETIRED-XSNP-NONE,71068171
native-L2,cg,B,1,8,MEM-LOAD-L3-HIT-RETIRED-XSNP-NONE,71070528
native-L2,cg,B,2,8,MEM-LOAD-L3-HIT-RETIRED-XSNP-NONE,71070528
native-L2,cg,B,3,8,MEM-LOAD-L3-HIT-RETIRED-XSNP-NONE,71070528
native-L2,cg,B,4,8,MEM-LOAD-L3-HIT-RETIRED-XSNP-NONE,71070528
native-L2,cg,B,5,8,MEM-LOAD-L3-HIT-RETIRED-XSNP-NONE,71070528
native-L2,cg,B,6,8,MEM-LOAD-L3-HIT-RETIRED-XSNP-NONE,71070528
native-L2,cg,B,7,8,MEM-LOAD-L3-HIT-RETIRED-XSNP-NONE,71070528
native-L1-L2,cg,A,0,2,MEM-LOAD-L3-HIT-RETIRED-XSNP-HITM,344606
native-L1-L2,cg,A,1,2,MEM-LOAD-L3-HIT-RETIRED-XSNP-HITM,344612
native-L1-L2,cg,W,0,2,MEM-LOAD-L3-HIT-RETIRED-XSNP-NONE,119957
native-L1-L2,cg,W,1,2,MEM-LOAD-L3-HIT-RETIRED-XSNP-NONE,122306
native-L1-L2,cg,W,0,8,MEM-LOAD-L3-HIT-RETIRED-XSNP-MISS,95
native-L1-L2,cg,W,1,8,MEM-LOAD-L3-HIT-RETIRED-XSNP-MISS,95
native-L1-L2,cg,W,2,8,MEM-LOAD-L3-HIT-RETIRED-XSNP-MISS,95
native-L1-L2,cg,W,3,8,MEM-LOAD-L3-HIT-RETIRED-XSNP-MISS,95
native-L1-L2,cg,W,4,8,MEM-LOAD-L3-HIT-RETIRED-XSNP-MISS,95
native-L1-L2,cg,W,5,8,MEM-LOAD-L3-HIT-RETIRED-XSNP-MISS,95
native-L1-L2,cg,W,6,8,MEM-LOAD-L3-HIT-RETIRED-XSNP-MISS,95
native-L1-L2,cg,W,7,8,MEM-LOAD-L3-HIT-RETIRED-XSNP-MISS,95
native-L2,cg,B,0,2,MEM-LOAD-L3-HIT-RETIRED-XSNP-NONE,225361673
native-L2,cg,B,1,2,MEM-LOAD-L3-HIT-RETIRED-XSNP-NONE,225364062
native-L1,cg,B,0,12,MEM-LOAD-L3-HIT-RETIRED-XSNP-HIT,31498
native-L1,cg,B,1,12,MEM-LOAD-L3-HIT-RETIRED-XSNP-HIT,31498
native-L1,cg,B,2,12,MEM-LOAD-L3-HIT-RETIRED-XSNP-HIT,31498
native-L1,cg,B,3,12,MEM-LOAD-L3-HIT-RETIRED-XSNP-HIT,31498
native-L1,cg,B,4,12,MEM-LOAD-L3-HIT-RETIRED-XSNP-HIT,31498
native-L1,cg,B,5,12,MEM-LOAD-L3-HIT-RETIRED-XSNP-HIT,31498
native-L1,cg,B,6,12,MEM-LOAD-L3-HIT-RETIRED-XSNP-HIT,31498
native-L1,cg,B,7,12,MEM-LOAD-L3-HIT-RETIRED-XSNP-HIT,31498
native-L1,cg,B,8,12,MEM-LOAD-L3-HIT-RETIRED-XSNP-HIT,31498
native-L1,cg,B,9,12,MEM-LOAD-L3-HIT-RETIRED-XSNP-HIT,31498
native-L1,cg,B,10,12,MEM-LOAD-L3-HIT-RETIRED-XSNP-HIT,31498
native-L1,cg,B,11,12,MEM-LOAD-L3-HIT-RETIRED-XSNP-HIT,31498
native-none,cg,B,0,1,MEM-LOAD-L3-HIT-RETIRED-XSNP-HITM,0
native-L1,cg,A,0,12,MEM-LOAD-L3-HIT-RETIRED-XSNP-NONE,379137
native-L1,cg,A,1,12,MEM-LOAD-L3-HIT-RETIRED-XSNP-NONE,381448
native-L1,cg,A,2,12,MEM-LOAD-L3-HIT-RETIRED-XSNP-NONE,381448
native-L1,cg,A,3,12,MEM-LOAD-L3-HIT-RETIRED-XSNP-NONE,381448
native-L1,cg,A,4,12,MEM-LOAD-L3-HIT-RETIRED-XSNP-NONE,381448
native-L1,cg,A,5,12,MEM-LOAD-L3-HIT-RETIRED-XSNP-NONE,381448
native-L1,cg,A,6,12,MEM-LOAD-L3-HIT-RETIRED-XSNP-NONE,381448
native-L1,cg,A,7,12,MEM-LOAD-L3-HIT-RETIRED-XSNP-NONE,381448
native-L1,cg,A,8,12,MEM-LOAD-L3-HIT-RETIRED-XSNP-NONE,381448
native-L1,cg,A,9,12,MEM-LOAD-L3-HIT-RETIRED-XSNP-NONE,381448
native-L1,cg,A,10,12,MEM-LOAD-L3-HIT-RETIRED-XSNP-NONE,381448
native-L1,cg,A,11,12,MEM-LOAD-L3-HIT-RETIRED-XSNP-NONE,381449
native-none,cg,A,0,1,MEM-LOAD-L3-HIT-RETIRED-XSNP-MISS,0
native-L2,cg,W,0,1,MEM-LOAD-L3-HIT-RETIRED-XSNP-HITM,3
native-L1-L2,cg,B,0,8,MEM-LOAD-L3-HIT-RETIRED-XSNP-MISS,268
native-L1-L2,cg,B,1,8,MEM-LOAD-L3-HIT-RETIRED-XSNP-MISS,268
native-L1-L2,cg,B,2,8,MEM-LOAD-L3-HIT-RETIRED-XSNP-MISS,268
native-L1-L2,cg,B,3,8,MEM-LOAD-L3-HIT-RETIRED-XSNP-MISS,268
native-L1-L2,cg,B,4,8,MEM-LOAD-L3-HIT-RETIRED-XSNP-MISS,268
native-L1-L2,cg,B,5,8,MEM-LOAD-L3-HIT-RETIRED-XSNP-MISS,268
native-L1-L2,cg,B,6,8,MEM-LOAD-L3-HIT-RETIRED-XSNP-MISS,268
native-L1-L2,cg,B,7,8,MEM-LOAD-L3-HIT-RETIRED-XSNP-MISS,268
native-L1-L2,cg,B,0,4,MEM-LOAD-L3-HIT-RETIRED-XSNP-HIT,42666
native-L1-L2,cg,B,1,4,MEM-LOAD-L3-HIT-RETIRED-XSNP-HIT,42666
native-L1-L2,cg,B,2,4,MEM-LOAD-L3-HIT-RETIRED-XSNP-HIT,42666
native-L1-L2,cg,B,3,4,MEM-LOAD-L3-HIT-RETIRED-XSNP-HIT,42666
native-L1,cg,A,0,2,MEM-LOAD-L3-HIT-RETIRED-XSNP-HIT,10531
native-L1,cg,A,1,2,MEM-LOAD-L3-HIT-RETIRED-XSNP-HIT,10531
native-none,cg,A,0,1,MEM-LOAD-L3-HIT-RETIRED-XSNP-HIT,0
native-L2,cg,A,0,8,MEM-LOAD-L3-HIT-RETIRED-XSNP-HITM,57377
native-L2,cg,A,1,8,MEM-LOAD-L3-HIT-RETIRED-XSNP-HITM,57383
native-L2,cg,A,2,8,MEM-LOAD-L3-HIT-RETIRED-XSNP-HITM,57383
native-L2,cg,A,3,8,MEM-LOAD-L3-HIT-RETIRED-XSNP-HITM,57383
native-L2,cg,A,4,8,MEM-LOAD-L3-HIT-RETIRED-XSNP-HITM,57383
native-L2,cg,A,5,8,MEM-LOAD-L3-HIT-RETIRED-XSNP-HITM,57383
native-L2,cg,A,6,8,MEM-LOAD-L3-HIT-RETIRED-XSNP-HITM,57383
native-L2,cg,A,7,8,MEM-LOAD-L3-HIT-RETIRED-XSNP-HITM,57383
native-L1-L2,cg,B,0,1,MEM-LOAD-L3-HIT-RETIRED-XSNP-NONE,452112965
native-none,cg,B,0,12,MEM-LOAD-L3-HIT-RETIRED-XSNP-HITM,1462624
native-none,cg,B,1,12,MEM-LOAD-L3-HIT-RETIRED-XSNP-HITM,1462625
native-none,cg,B,2,12,MEM-LOAD-L3-HIT-RETIRED-XSNP-HITM,1462625
native-none,cg,B,3,12,MEM-LOAD-L3-HIT-RETIRED-XSNP-HITM,1462625
native-none,cg,B,4,12,MEM-LOAD-L3-HIT-RETIRED-XSNP-HITM,1462625
native-none,cg,B,5,12,MEM-LOAD-L3-HIT-RETIRED-XSNP-HITM,1462625
native-none,cg,B,6,12,MEM-LOAD-L3-HIT-RETIRED-XSNP-HITM,1462625
native-none,cg,B,7,12,MEM-LOAD-L3-HIT-RETIRED-XSNP-HITM,1462625
native-none,cg,B,8,12,MEM-LOAD-L3-HIT-RETIRED-XSNP-HITM,1462625
native-none,cg,B,9,12,MEM-LOAD-L3-HIT-RETIRED-XSNP-HITM,1462625
native-none,cg,B,10,12,MEM-LOAD-L3-HIT-RETIRED-XSNP-HITM,1462625
native-none,cg,B,11,12,MEM-LOAD-L3-HIT-RETIRED-XSNP-HITM,1462625
native-L1,cg,B,0,1,MEM-LOAD-L3-HIT-RETIRED-XSNP-MISS,0
native-L1-L2,cg,B,0,2,MEM-LOAD-L3-HIT-RETIRED-XSNP-MISS,109251
native-L1-L2,cg,B,1,2,MEM-LOAD-L3-HIT-RETIRED-XSNP-MISS,109251
native-L1,cg,W,0,2,MEM-LOAD-L3-HIT-RETIRED-XSNP-HIT,9818
native-L1,cg,W,1,2,MEM-LOAD-L3-HIT-RETIRED-XSNP-HIT,9818
native-L1-L2,cg,A,0,8,MEM-LOAD-L3-HIT-RETIRED-XSNP-MISS,94
native-L1-L2,cg,A,1,8,MEM-LOAD-L3-HIT-RETIRED-XSNP-MISS,94
native-L1-L2,cg,A,2,8,MEM-LOAD-L3-HIT-RETIRED-XSNP-MISS,94
native-L1-L2,cg,A,3,8,MEM-LOAD-L3-HIT-RETIRED-XSNP-MISS,94
native-L1-L2,cg,A,4,8,MEM-LOAD-L3-HIT-RETIRED-XSNP-MISS,94
native-L1-L2,cg,A,5,8,MEM-LOAD-L3-HIT-RETIRED-XSNP-MISS,94
native-L1-L2,cg,A,6,8,MEM-LOAD-L3-HIT-RETIRED-XSNP-MISS,94
native-L1-L2,cg,A,7,8,MEM-LOAD-L3-HIT-RETIRED-XSNP-MISS,94
native-L2,cg,B,0,2,MEM-LOAD-L3-HIT-RETIRED-XSNP-HITM,9088898
native-L2,cg,B,1,2,MEM-LOAD-L3-HIT-RETIRED-XSNP-HITM,9088901
native-L2,cg,A,0,2,MEM-LOAD-L3-HIT-RETIRED-XSNP-HITM,336468
native-L2,cg,A,1,2,MEM-LOAD-L3-HIT-RETIRED-XSNP-HITM,336471
native-L2,cg,W,0,2,MEM-LOAD-L3-HIT-RETIRED-XSNP-HITM,314242
native-L2,cg,W,1,2,MEM-LOAD-L3-HIT-RETIRED-XSNP-HITM,314242
native-L1,cg,W,0,12,MEM-LOAD-L3-HIT-RETIRED-XSNP-MISS,71
native-L1,cg,W,1,12,MEM-LOAD-L3-HIT-RETIRED-XSNP-MISS,71
native-L1,cg,W,2,12,MEM-LOAD-L3-HIT-RETIRED-XSNP-MISS,71
native-L1,cg,W,3,12,MEM-LOAD-L3-HIT-RETIRED-XSNP-MISS,71
native-L1,cg,W,4,12,MEM-LOAD-L3-HIT-RETIRED-XSNP-MISS,71
native-L1,cg,W,5,12,MEM-LOAD-L3-HIT-RETIRED-XSNP-MISS,71
native-L1,cg,W,6,12,MEM-LOAD-L3-HIT-RETIRED-XSNP-MISS,71
native-L1,cg,W,7,12,MEM-LOAD-L3-HIT-RETIRED-XSNP-MISS,71
native-L1,cg,W,8,12,MEM-LOAD-L3-HIT-RETIRED-XSNP-MISS,71
native-L1,cg,W,9,12,MEM-LOAD-L3-HIT-RETIRED-XSNP-MISS,71
native-L1,cg,W,10,12,MEM-LOAD-L3-HIT-RETIRED-XSNP-MISS,71
native-L1,cg,W,11,12,MEM-LOAD-L3-HIT-RETIRED-XSNP-MISS,71
native-none,cg,W,0,1,MEM-LOAD-L3-HIT-RETIRED-XSNP-HIT,0
native-L1-L2,cg,W,0,4,MEM-LOAD-L3-HIT-RETIRED-XSNP-NONE,294179
native-L1-L2,cg,W,1,4,MEM-LOAD-L3-HIT-RETIRED-XSNP-NONE,296524
native-L1-L2,cg,W,2,4,MEM-LOAD-L3-HIT-RETIRED-XSNP-NONE,296626
native-L1-L2,cg,W,3,4,MEM-LOAD-L3-HIT-RETIRED-XSNP-NONE,296666
native-none,cg,A,0,2,MEM-LOAD-L3-HIT-RETIRED-XSNP-HIT,10235
native-none,cg,A,1,2,MEM-LOAD-L3-HIT-RETIRED-XSNP-HIT,10235
native-L2,cg,A,0,4,MEM-LOAD-L3-HIT-RETIRED-XSNP-HITM,86211
native-L2,cg,A,1,4,MEM-LOAD-L3-HIT-RETIRED-XSNP-HITM,86214
native-L2,cg,A,2,4,MEM-LOAD-L3-HIT-RETIRED-XSNP-HITM,86214
native-L2,cg,A,3,4,MEM-LOAD-L3-HIT-RETIRED-XSNP-HITM,86214
native-L2,cg,B,0,4,MEM-LOAD-L3-HIT-RETIRED-XSNP-MISS,2754
native-L2,cg,B,1,4,MEM-LOAD-L3-HIT-RETIRED-XSNP-MISS,2754
native-L2,cg,B,2,4,MEM-LOAD-L3-HIT-RETIRED-XSNP-MISS,2754
native-L2,cg,B,3,4,MEM-LOAD-L3-HIT-RETIRED-XSNP-MISS,2754
native-none,cg,B,0,4,MEM-LOAD-L3-HIT-RETIRED-XSNP-HIT,43266
native-none,cg,B,1,4,MEM-LOAD-L3-HIT-RETIRED-XSNP-HIT,43266
native-none,cg,B,2,4,MEM-LOAD-L3-HIT-RETIRED-XSNP-HIT,43266
native-none,cg,B,3,4,MEM-LOAD-L3-HIT-RETIRED-XSNP-HIT,43266
native-none,cg,A,0,12,MEM-LOAD-L3-HIT-RETIRED-XSNP-NONE,384584
native-none,cg,A,1,12,MEM-LOAD-L3-HIT-RETIRED-XSNP-NONE,386923
native-none,cg,A,2,12,MEM-LOAD-L3-HIT-RETIRED-XSNP-NONE,386923
native-none,cg,A,3,12,MEM-LOAD-L3-HIT-RETIRED-XSNP-NONE,386923
native-none,cg,A,4,12,MEM-LOAD-L3-HIT-RETIRED-XSNP-NONE,386923
native-none,cg,A,5,12,MEM-LOAD-L3-HIT-RETIRED-XSNP-NONE,386924
native-none,cg,A,6,12,MEM-LOAD-L3-HIT-RETIRED-XSNP-NONE,386924
native-none,cg,A,7,12,MEM-LOAD-L3-HIT-RETIRED-XSNP-NONE,386925
native-none,cg,A,8,12,MEM-LOAD-L3-HIT-RETIRED-XSNP-NONE,386925
native-none,cg,A,9,12,MEM-LOAD-L3-HIT-RETIRED-XSNP-NONE,386926
native-none,cg,A,10,12,MEM-LOAD-L3-HIT-RETIRED-XSNP-NONE,386926
native-none,cg,A,11,12,MEM-LOAD-L3-HIT-RETIRED-XSNP-NONE,386926
native-none,cg,W,0,2,MEM-LOAD-L3-HIT-RETIRED-XSNP-NONE,121580
native-none,cg,W,1,2,MEM-LOAD-L3-HIT-RETIRED-XSNP-NONE,124079
native-L1-L2,cg,A,0,2,MEM-LOAD-L3-HIT-RETIRED-XSNP-HIT,10680
native-L1-L2,cg,A,1,2,MEM-LOAD-L3-HIT-RETIRED-XSNP-HIT,10680
native-none,cg,B,0,1,MEM-LOAD-L3-HIT-RETIRED-XSNP-NONE,451821228
native-L2,cg,A,0,4,MEM-LOAD-L3-HIT-RETIRED-XSNP-HIT,6403
native-L2,cg,A,1,4,MEM-LOAD-L3-HIT-RETIRED-XSNP-HIT,6403
native-L2,cg,A,2,4,MEM-LOAD-L3-HIT-RETIRED-XSNP-HIT,6403
native-L2,cg,A,3,4,MEM-LOAD-L3-HIT-RETIRED-XSNP-HIT,6403
native-L1-L2,cg,W,0,12,MEM-LOAD-L3-HIT-RETIRED-XSNP-NONE,3802961
native-L1-L2,cg,W,1,12,MEM-LOAD-L3-HIT-RETIRED-XSNP-NONE,3805439
native-L1-L2,cg,W,2,12,MEM-LOAD-L3-HIT-RETIRED-XSNP-NONE,3805469
native-L1-L2,cg,W,3,12,MEM-LOAD-L3-HIT-RETIRED-XSNP-NONE,3805513
native-L1-L2,cg,W,4,12,MEM-LOAD-L3-HIT-RETIRED-XSNP-NONE,3805559
native-L1-L2,cg,W,5,12,MEM-LOAD-L3-HIT-RETIRED-XSNP-NONE,3805618
native-L1-L2,cg,W,6,12,MEM-LOAD-L3-HIT-RETIRED-XSNP-NONE,3805685
native-L1-L2,cg,W,7,12,MEM-LOAD-L3-HIT-RETIRED-XSNP-NONE,3805774
native-L1-L2,cg,W,8,12,MEM-LOAD-L3-HIT-RETIRED-XSNP-NONE,3805834
native-L1-L2,cg,W,9,12,MEM-LOAD-L3-HIT-RETIRED-XSNP-NONE,3805908
native-L1-L2,cg,W,10,12,MEM-LOAD-L3-HIT-RETIRED-XSNP-NONE,3805973
native-L1-L2,cg,W,11,12,MEM-LOAD-L3-HIT-RETIRED-XSNP-NONE,3806040
native-none,cg,B,0,8,MEM-LOAD-L3-HIT-RETIRED-XSNP-MISS,282
native-none,cg,B,1,8,MEM-LOAD-L3-HIT-RETIRED-XSNP-MISS,282
native-none,cg,B,2,8,MEM-LOAD-L3-HIT-RETIRED-XSNP-MISS,282
native-none,cg,B,3,8,MEM-LOAD-L3-HIT-RETIRED-XSNP-MISS,282
native-none,cg,B,4,8,MEM-LOAD-L3-HIT-RETIRED-XSNP-MISS,282
native-none,cg,B,5,8,MEM-LOAD-L3-HIT-RETIRED-XSNP-MISS,282
native-none,cg,B,6,8,MEM-LOAD-L3-HIT-RETIRED-XSNP-MISS,282
native-none,cg,B,7,8,MEM-LOAD-L3-HIT-RETIRED-XSNP-MISS,282
native-L1,cg,W,0,8,MEM-LOAD-L3-HIT-RETIRED-XSNP-HIT,18688
native-L1,cg,W,1,8,MEM-LOAD-L3-HIT-RETIRED-XSNP-HIT,18688
native-L1,cg,W,2,8,MEM-LOAD-L3-HIT-RETIRED-XSNP-HIT,18688
native-L1,cg,W,3,8,MEM-LOAD-L3-HIT-RETIRED-XSNP-HIT,18688
native-L1,cg,W,4,8,MEM-LOAD-L3-HIT-RETIRED-XSNP-HIT,18688
native-L1,cg,W,5,8,MEM-LOAD-L3-HIT-RETIRED-XSNP-HIT,18688
native-L1,cg,W,6,8,MEM-LOAD-L3-HIT-RETIRED-XSNP-HIT,18688
native-L1,cg,W,7,8,MEM-LOAD-L3-HIT-RETIRED-XSNP-HIT,18688
native-none,cg,A,0,2,MEM-LOAD-L3-HIT-RETIRED-XSNP-HITM,311553
native-none,cg,A,1,2,MEM-LOAD-L3-HIT-RETIRED-XSNP-HITM,311556
native-L2,cg,A,0,8,MEM-LOAD-L3-HIT-RETIRED-XSNP-MISS,78
native-L2,cg,A,1,8,MEM-LOAD-L3-HIT-RETIRED-XSNP-MISS,78
native-L2,cg,A,2,8,MEM-LOAD-L3-HIT-RETIRED-XSNP-MISS,78
native-L2,cg,A,3,8,MEM-LOAD-L3-HIT-RETIRED-XSNP-MISS,78
native-L2,cg,A,4,8,MEM-LOAD-L3-HIT-RETIRED-XSNP-MISS,78
native-L2,cg,A,5,8,MEM-LOAD-L3-HIT-RETIRED-XSNP-MISS,78
native-L2,cg,A,6,8,MEM-LOAD-L3-HIT-RETIRED-XSNP-MISS,78
native-L2,cg,A,7,8,MEM-LOAD-L3-HIT-RETIRED-XSNP-MISS,78
native-L1-L2,cg,A,0,12,MEM-LOAD-L3-HIT-RETIRED-XSNP-MISS,52
native-L1-L2,cg,A,1,12,MEM-LOAD-L3-HIT-RETIRED-XSNP-MISS,52
native-L1-L2,cg,A,2,12,MEM-LOAD-L3-HIT-RETIRED-XSNP-MISS,52
native-L1-L2,cg,A,3,12,MEM-LOAD-L3-HIT-RETIRED-XSNP-MISS,52
native-L1-L2,cg,A,4,12,MEM-LOAD-L3-HIT-RETIRED-XSNP-MISS,52
native-L1-L2,cg,A,5,12,MEM-LOAD-L3-HIT-RETIRED-XSNP-MISS,52
native-L1-L2,cg,A,6,12,MEM-LOAD-L3-HIT-RETIRED-XSNP-MISS,52
native-L1-L2,cg,A,7,12,MEM-LOAD-L3-HIT-RETIRED-XSNP-MISS,52
native-L1-L2,cg,A,8,12,MEM-LOAD-L3-HIT-RETIRED-XSNP-MISS,52
native-L1-L2,cg,A,9,12,MEM-LOAD-L3-HIT-RETIRED-XSNP-MISS,52
native-L1-L2,cg,A,10,12,MEM-LOAD-L3-HIT-RETIRED-XSNP-MISS,52
native-L1-L2,cg,A,11,12,MEM-LOAD-L3-HIT-RETIRED-XSNP-MISS,52
native-L1,cg,A,0,12,MEM-LOAD-L3-HIT-RETIRED-XSNP-HIT,3425
native-L1,cg,A,1,12,MEM-LOAD-L3-HIT-RETIRED-XSNP-HIT,3425
native-L1,cg,A,2,12,MEM-LOAD-L3-HIT-RETIRED-XSNP-HIT,3425
native-L1,cg,A,3,12,MEM-LOAD-L3-HIT-RETIRED-XSNP-HIT,3425
native-L1,cg,A,4,12,MEM-LOAD-L3-HIT-RETIRED-XSNP-HIT,3425
native-L1,cg,A,5,12,MEM-LOAD-L3-HIT-RETIRED-XSNP-HIT,3425
native-L1,cg,A,6,12,MEM-LOAD-L3-HIT-RETIRED-XSNP-HIT,3425
native-L1,cg,A,7,12,MEM-LOAD-L3-HIT-RETIRED-XSNP-HIT,3425
native-L1,cg,A,8,12,MEM-LOAD-L3-HIT-RETIRED-XSNP-HIT,3425
native-L1,cg,A,9,12,MEM-LOAD-L3-HIT-RETIRED-XSNP-HIT,3425
native-L1,cg,A,10,12,MEM-LOAD-L3-HIT-RETIRED-XSNP-HIT,3425
native-L1,cg,A,11,12,MEM-LOAD-L3-HIT-RETIRED-XSNP-HIT,3425
native-none,cg,W,0,2,MEM-LOAD-L3-HIT-RETIRED-XSNP-HIT,9887
native-none,cg,W,1,2,MEM-LOAD-L3-HIT-RETIRED-XSNP-HIT,9887
native-L1-L2,cg,W,0,4,MEM-LOAD-L3-HIT-RETIRED-XSNP-MISS,62
native-L1-L2,cg,W,1,4,MEM-LOAD-L3-HIT-RETIRED-XSNP-MISS,62
native-L1-L2,cg,W,2,4,MEM-LOAD-L3-HIT-RETIRED-XSNP-MISS,62
native-L1-L2,cg,W,3,4,MEM-LOAD-L3-HIT-RETIRED-XSNP-MISS,62
native-L1-L2,cg,W,0,1,MEM-LOAD-L3-HIT-RETIRED-XSNP-HIT,0
native-none,cg,A,0,2,MEM-LOAD-L3-HIT-RETIRED-XSNP-MISS,5
native-none,cg,A,1,2,MEM-LOAD-L3-HIT-RETIRED-XSNP-MISS,5
native-none,cg,A,0,8,MEM-LOAD-L3-HIT-RETIRED-XSNP-MISS,55
native-none,cg,A,1,8,MEM-LOAD-L3-HIT-RETIRED-XSNP-MISS,57
native-none,cg,A,2,8,MEM-LOAD-L3-HIT-RETIRED-XSNP-MISS,57
native-none,cg,A,3,8,MEM-LOAD-L3-HIT-RETIRED-XSNP-MISS,57
native-none,cg,A,4,8,MEM-LOAD-L3-HIT-RETIRED-XSNP-MISS,57
native-none,cg,A,5,8,MEM-LOAD-L3-HIT-RETIRED-XSNP-MISS,57
native-none,cg,A,6,8,MEM-LOAD-L3-HIT-RETIRED-XSNP-MISS,57
native-none,cg,A,7,8,MEM-LOAD-L3-HIT-RETIRED-XSNP-MISS,57
native-none,cg,B,0,8,MEM-LOAD-L3-HIT-RETIRED-XSNP-HITM,2219679
native-none,cg,B,1,8,MEM-LOAD-L3-HIT-RETIRED-XSNP-HITM,2219681
native-none,cg,B,2,8,MEM-LOAD-L3-HIT-RETIRED-XSNP-HITM,2219681
native-none,cg,B,3,8,MEM-LOAD-L3-HIT-RETIRED-XSNP-HITM,2219681
native-none,cg,B,4,8,MEM-LOAD-L3-HIT-RETIRED-XSNP-HITM,2219681
native-none,cg,B,5,8,MEM-LOAD-L3-HIT-RETIRED-XSNP-HITM,2219681
native-none,cg,B,6,8,MEM-LOAD-L3-HIT-RETIRED-XSNP-HITM,2219681
native-none,cg,B,7,8,MEM-LOAD-L3-HIT-RETIRED-XSNP-HITM,2219681
native-L1-L2,cg,B,0,8,MEM-LOAD-L3-HIT-RETIRED-XSNP-HITM,2254166
native-L1-L2,cg,B,1,8,MEM-LOAD-L3-HIT-RETIRED-XSNP-HITM,2254172
native-L1-L2,cg,B,2,8,MEM-LOAD-L3-HIT-RETIRED-XSNP-HITM,2254172
native-L1-L2,cg,B,3,8,MEM-LOAD-L3-HIT-RETIRED-XSNP-HITM,2254172
native-L1-L2,cg,B,4,8,MEM-LOAD-L3-HIT-RETIRED-XSNP-HITM,2254172
native-L1-L2,cg,B,5,8,MEM-LOAD-L3-HIT-RETIRED-XSNP-HITM,2254172
native-L1-L2,cg,B,6,8,MEM-LOAD-L3-HIT-RETIRED-XSNP-HITM,2254172
native-L1-L2,cg,B,7,8,MEM-LOAD-L3-HIT-RETIRED-XSNP-HITM,2254172
native-L1-L2,cg,B,0,4,MEM-LOAD-L3-HIT-RETIRED-XSNP-MISS,2167
native-L1-L2,cg,B,1,4,MEM-LOAD-L3-HIT-RETIRED-XSNP-MISS,2167
native-L1-L2,cg,B,2,4,MEM-LOAD-L3-HIT-RETIRED-XSNP-MISS,2167
native-L1-L2,cg,B,3,4,MEM-LOAD-L3-HIT-RETIRED-XSNP-MISS,2167
native-L2,cg,W,0,8,MEM-LOAD-L3-HIT-RETIRED-XSNP-NONE,3167103
native-L2,cg,W,1,8,MEM-LOAD-L3-HIT-RETIRED-XSNP-NONE,3169462
native-L2,cg,W,2,8,MEM-LOAD-L3-HIT-RETIRED-XSNP-NONE,3169575
native-L2,cg,W,3,8,MEM-LOAD-L3-HIT-RETIRED-XSNP-NONE,3169665
native-L2,cg,W,4,8,MEM-LOAD-L3-HIT-RETIRED-XSNP-NONE,3169746
native-L2,cg,W,5,8,MEM-LOAD-L3-HIT-RETIRED-XSNP-NONE,3169813
native-L2,cg,W,6,8,MEM-LOAD-L3-HIT-RETIRED-XSNP-NONE,3169926
native-L2,cg,W,7,8,MEM-LOAD-L3-HIT-RETIRED-XSNP-NONE,3169982
native-none,cg,A,0,12,MEM-LOAD-L3-HIT-RETIRED-XSNP-MISS,128
native-none,cg,A,1,12,MEM-LOAD-L3-HIT-RETIRED-XSNP-MISS,128
native-none,cg,A,2,12,MEM-LOAD-L3-HIT-RETIRED-XSNP-MISS,128
native-none,cg,A,3,12,MEM-LOAD-L3-HIT-RETIRED-XSNP-MISS,128
native-none,cg,A,4,12,MEM-LOAD-L3-HIT-RETIRED-XSNP-MISS,128
native-none,cg,A,5,12,MEM-LOAD-L3-HIT-RETIRED-XSNP-MISS,128
native-none,cg,A,6,12,MEM-LOAD-L3-HIT-RETIRED-XSNP-MISS,128
native-none,cg,A,7,12,MEM-LOAD-L3-HIT-RETIRED-XSNP-MISS,128
native-none,cg,A,8,12,MEM-LOAD-L3-HIT-RETIRED-XSNP-MISS,128
native-none,cg,A,9,12,MEM-LOAD-L3-HIT-RETIRED-XSNP-MISS,128
native-none,cg,A,10,12,MEM-LOAD-L3-HIT-RETIRED-XSNP-MISS,128
native-none,cg,A,11,12,MEM-LOAD-L3-HIT-RETIRED-XSNP-MISS,128
native-none,cg,A,0,8,MEM-LOAD-L3-HIT-RETIRED-XSNP-HIT,4799
native-none,cg,A,1,8,MEM-LOAD-L3-HIT-RETIRED-XSNP-HIT,4799
native-none,cg,A,2,8,MEM-LOAD-L3-HIT-RETIRED-XSNP-HIT,4799
native-none,cg,A,3,8,MEM-LOAD-L3-HIT-RETIRED-XSNP-HIT,4799
native-none,cg,A,4,8,MEM-LOAD-L3-HIT-RETIRED-XSNP-HIT,4799
native-none,cg,A,5,8,MEM-LOAD-L3-HIT-RETIRED-XSNP-HIT,4799
native-none,cg,A,6,8,MEM-LOAD-L3-HIT-RETIRED-XSNP-HIT,4799
native-none,cg,A,7,8,MEM-LOAD-L3-HIT-RETIRED-XSNP-HIT,4799
native-L1-L2,cg,B,0,2,MEM-LOAD-L3-HIT-RETIRED-XSNP-HITM,9155629
native-L1-L2,cg,B,1,2,MEM-LOAD-L3-HIT-RETIRED-XSNP-HITM,9155630
native-none,cg,A,0,4,MEM-LOAD-L3-HIT-RETIRED-XSNP-HIT,6527
native-none,cg,A,1,4,MEM-LOAD-L3-HIT-RETIRED-XSNP-HIT,6527
native-none,cg,A,2,4,MEM-LOAD-L3-HIT-RETIRED-XSNP-HIT,6527
native-none,cg,A,3,4,MEM-LOAD-L3-HIT-RETIRED-XSNP-HIT,6527
native-L1,cg,B,0,12,MEM-LOAD-L3-HIT-RETIRED-XSNP-MISS,289
native-L1,cg,B,1,12,MEM-LOAD-L3-HIT-RETIRED-XSNP-MISS,289
native-L1,cg,B,2,12,MEM-LOAD-L3-HIT-RETIRED-XSNP-MISS,289
native-L1,cg,B,3,12,MEM-LOAD-L3-HIT-RETIRED-XSNP-MISS,289
native-L1,cg,B,4,12,MEM-LOAD-L3-HIT-RETIRED-XSNP-MISS,289
native-L1,cg,B,5,12,MEM-LOAD-L3-HIT-RETIRED-XSNP-MISS,289
native-L1,cg,B,6,12,MEM-LOAD-L3-HIT-RETIRED-XSNP-MISS,289
native-L1,cg,B,7,12,MEM-LOAD-L3-HIT-RETIRED-XSNP-MISS,289
native-L1,cg,B,8,12,MEM-LOAD-L3-HIT-RETIRED-XSNP-MISS,289
native-L1,cg,B,9,12,MEM-LOAD-L3-HIT-RETIRED-XSNP-MISS,289
native-L1,cg,B,10,12,MEM-LOAD-L3-HIT-RETIRED-XSNP-MISS,289
native-L1,cg,B,11,12,MEM-LOAD-L3-HIT-RETIRED-XSNP-MISS,289
native-L1,cg,B,0,8,MEM-LOAD-L3-HIT-RETIRED-XSNP-HITM,2270878
native-L1,cg,B,1,8,MEM-LOAD-L3-HIT-RETIRED-XSNP-HITM,2270880
native-L1,cg,B,2,8,MEM-LOAD-L3-HIT-RETIRED-XSNP-HITM,2270880
native-L1,cg,B,3,8,MEM-LOAD-L3-HIT-RETIRED-XSNP-HITM,2270880
native-L1,cg,B,4,8,MEM-LOAD-L3-HIT-RETIRED-XSNP-HITM,2270880
native-L1,cg,B,5,8,MEM-LOAD-L3-HIT-RETIRED-XSNP-HITM,2270880
native-L1,cg,B,6,8,MEM-LOAD-L3-HIT-RETIRED-XSNP-HITM,2270880
native-L1,cg,B,7,8,MEM-LOAD-L3-HIT-RETIRED-XSNP-HITM,2270880
native-L1,cg,A,0,2,MEM-LOAD-L3-HIT-RETIRED-XSNP-MISS,9
native-L1,cg,A,1,2,MEM-LOAD-L3-HIT-RETIRED-XSNP-MISS,9
native-L1-L2,cg,W,0,1,MEM-LOAD-L3-HIT-RETIRED-XSNP-MISS,0
native-L2,cg,W,0,12,MEM-LOAD-L3-HIT-RETIRED-XSNP-HIT,11822
native-L2,cg,W,1,12,MEM-LOAD-L3-HIT-RETIRED-XSNP-HIT,11822
native-L2,cg,W,2,12,MEM-LOAD-L3-HIT-RETIRED-XSNP-HIT,11822
native-L2,cg,W,3,12,MEM-LOAD-L3-HIT-RETIRED-XSNP-HIT,11822
native-L2,cg,W,4,12,MEM-LOAD-L3-HIT-RETIRED-XSNP-HIT,11822
native-L2,cg,W,5,12,MEM-LOAD-L3-HIT-RETIRED-XSNP-HIT,11822
native-L2,cg,W,6,12,MEM-LOAD-L3-HIT-RETIRED-XSNP-HIT,11822
native-L2,cg,W,7,12,MEM-LOAD-L3-HIT-RETIRED-XSNP-HIT,11822
native-L2,cg,W,8,12,MEM-LOAD-L3-HIT-RETIRED-XSNP-HIT,11822
native-L2,cg,W,9,12,MEM-LOAD-L3-HIT-RETIRED-XSNP-HIT,11822
native-L2,cg,W,10,12,MEM-LOAD-L3-HIT-RETIRED-XSNP-HIT,11822
native-L2,cg,W,11,12,MEM-LOAD-L3-HIT-RETIRED-XSNP-HIT,11822
native-L1-L2,cg,B,0,1,MEM-LOAD-L3-HIT-RETIRED-XSNP-HITM,0
native-L2,cg,A,0,12,MEM-LOAD-L3-HIT-RETIRED-XSNP-HIT,3739
native-L2,cg,A,1,12,MEM-LOAD-L3-HIT-RETIRED-XSNP-HIT,3739
native-L2,cg,A,2,12,MEM-LOAD-L3-HIT-RETIRED-XSNP-HIT,3739
native-L2,cg,A,3,12,MEM-LOAD-L3-HIT-RETIRED-XSNP-HIT,3739
native-L2,cg,A,4,12,MEM-LOAD-L3-HIT-RETIRED-XSNP-HIT,3739
native-L2,cg,A,5,12,MEM-LOAD-L3-HIT-RETIRED-XSNP-HIT,3739
native-L2,cg,A,6,12,MEM-LOAD-L3-HIT-RETIRED-XSNP-HIT,3739
native-L2,cg,A,7,12,MEM-LOAD-L3-HIT-RETIRED-XSNP-HIT,3739
native-L2,cg,A,8,12,MEM-LOAD-L3-HIT-RETIRED-XSNP-HIT,3739
native-L2,cg,A,9,12,MEM-LOAD-L3-HIT-RETIRED-XSNP-HIT,3739
native-L2,cg,A,10,12,MEM-LOAD-L3-HIT-RETIRED-XSNP-HIT,3739
native-L2,cg,A,11,12,MEM-LOAD-L3-HIT-RETIRED-XSNP-HIT,3739
native-L2,cg,W,0,4,MEM-LOAD-L3-HIT-RETIRED-XSNP-HITM,179081
native-L2,cg,W,1,4,MEM-LOAD-L3-HIT-RETIRED-XSNP-HITM,179082
native-L2,cg,W,2,4,MEM-LOAD-L3-HIT-RETIRED-XSNP-HITM,179082
native-L2,cg,W,3,4,MEM-LOAD-L3-HIT-RETIRED-XSNP-HITM,179082
native-L2,cg,B,0,12,MEM-LOAD-L3-HIT-RETIRED-XSNP-HITM,1438576
native-L2,cg,B,1,12,MEM-LOAD-L3-HIT-RETIRED-XSNP-HITM,1438576
native-L2,cg,B,2,12,MEM-LOAD-L3-HIT-RETIRED-XSNP-HITM,1438576
native-L2,cg,B,3,12,MEM-LOAD-L3-HIT-RETIRED-XSNP-HITM,1438576
native-L2,cg,B,4,12,MEM-LOAD-L3-HIT-RETIRED-XSNP-HITM,1438576
native-L2,cg,B,5,12,MEM-LOAD-L3-HIT-RETIRED-XSNP-HITM,1438576
native-L2,cg,B,6,12,MEM-LOAD-L3-HIT-RETIRED-XSNP-HITM,1438576
native-L2,cg,B,7,12,MEM-LOAD-L3-HIT-RETIRED-XSNP-HITM,1438576
native-L2,cg,B,8,12,MEM-LOAD-L3-HIT-RETIRED-XSNP-HITM,1438576
native-L2,cg,B,9,12,MEM-LOAD-L3-HIT-RETIRED-XSNP-HITM,1438576
native-L2,cg,B,10,12,MEM-LOAD-L3-HIT-RETIRED-XSNP-HITM,1438576
native-L2,cg,B,11,12,MEM-LOAD-L3-HIT-RETIRED-XSNP-HITM,1438576
native-L1-L2,cg,B,0,12,MEM-LOAD-L3-HIT-RETIRED-XSNP-HITM,1450782
native-L1-L2,cg,B,1,12,MEM-LOAD-L3-HIT-RETIRED-XSNP-HITM,1450782
native-L1-L2,cg,B,2,12,MEM-LOAD-L3-HIT-RETIRED-XSNP-HITM,1450782
native-L1-L2,cg,B,3,12,MEM-LOAD-L3-HIT-RETIRED-XSNP-HITM,1450782
native-L1-L2,cg,B,4,12,MEM-LOAD-L3-HIT-RETIRED-XSNP-HITM,1450782
native-L1-L2,cg,B,5,12,MEM-LOAD-L3-HIT-RETIRED-XSNP-HITM,1450782
native-L1-L2,cg,B,6,12,MEM-LOAD-L3-HIT-RETIRED-XSNP-HITM,1450782
native-L1-L2,cg,B,7,12,MEM-LOAD-L3-HIT-RETIRED-XSNP-HITM,1450782
native-L1-L2,cg,B,8,12,MEM-LOAD-L3-HIT-RETIRED-XSNP-HITM,1450782
native-L1-L2,cg,B,9,12,MEM-LOAD-L3-HIT-RETIRED-XSNP-HITM,1450782
native-L1-L2,cg,B,10,12,MEM-LOAD-L3-HIT-RETIRED-XSNP-HITM,1450782
native-L1-L2,cg,B,11,12,MEM-LOAD-L3-HIT-RETIRED-XSNP-HITM,1450782
native-L1-L2,cg,W,0,1,MEM-LOAD-L3-HIT-RETIRED-XSNP-HITM,3
native-none,cg,B,0,2,MEM-LOAD-L3-HIT-RETIRED-XSNP-HITM,9069697
native-none,cg,B,1,2,MEM-LOAD-L3-HIT-RETIRED-XSNP-HITM,9069701
native-L2,cg,B,0,1,MEM-LOAD-L3-HIT-RETIRED-XSNP-MISS,1
native-L1,cg,W,0,4,MEM-LOAD-L3-HIT-RETIRED-XSNP-HITM,182332
native-L1,cg,W,1,4,MEM-LOAD-L3-HIT-RETIRED-XSNP-HITM,182339
native-L1,cg,W,2,4,MEM-LOAD-L3-HIT-RETIRED-XSNP-HITM,182339
native-L1,cg,W,3,4,MEM-LOAD-L3-HIT-RETIRED-XSNP-HITM,182339
native-none,cg,B,0,8,MEM-LOAD-L3-HIT-RETIRED-XSNP-HIT,44201
native-none,cg,B,1,8,MEM-LOAD-L3-HIT-RETIRED-XSNP-HIT,44201
native-none,cg,B,2,8,MEM-LOAD-L3-HIT-RETIRED-XSNP-HIT,44201
native-none,cg,B,3,8,MEM-LOAD-L3-HIT-RETIRED-XSNP-HIT,44201
native-none,cg,B,4,8,MEM-LOAD-L3-HIT-RETIRED-XSNP-HIT,44201
native-none,cg,B,5,8,MEM-LOAD-L3-HIT-RETIRED-XSNP-HIT,44201
native-none,cg,B,6,8,MEM-LOAD-L3-HIT-RETIRED-XSNP-HIT,44201
native-none,cg,B,7,8,MEM-LOAD-L3-HIT-RETIRED-XSNP-HIT,44201
native-L1-L2,cg,A,0,1,MEM-LOAD-L3-HIT-RETIRED-XSNP-NONE,807699
native-L2,cg,W,0,4,MEM-LOAD-L3-HIT-RETIRED-XSNP-HIT,7341
native-L2,cg,W,1,4,MEM-LOAD-L3-HIT-RETIRED-XSNP-HIT,7341
native-L2,cg,W,2,4,MEM-LOAD-L3-HIT-RETIRED-XSNP-HIT,7341
native-L2,cg,W,3,4,MEM-LOAD-L3-HIT-RETIRED-XSNP-HIT,7341
native-none,cg,B,0,12,MEM-LOAD-L3-HIT-RETIRED-XSNP-NONE,52023313
native-none,cg,B,1,12,MEM-LOAD-L3-HIT-RETIRED-XSNP-NONE,52025688
native-none,cg,B,2,12,MEM-LOAD-L3-HIT-RETIRED-XSNP-NONE,52025688
native-none,cg,B,3,12,MEM-LOAD-L3-HIT-RETIRED-XSNP-NONE,52025688
native-none,cg,B,4,12,MEM-LOAD-L3-HIT-RETIRED-XSNP-NONE,52025688
native-none,cg,B,5,12,MEM-LOAD-L3-HIT-RETIRED-XSNP-NONE,52025688
native-none,cg,B,6,12,MEM-LOAD-L3-HIT-RETIRED-XSNP-NONE,52025688
native-none,cg,B,7,12,MEM-LOAD-L3-HIT-RETIRED-XSNP-NONE,52025688
native-none,cg,B,8,12,MEM-LOAD-L3-HIT-RETIRED-XSNP-NONE,52025688
native-none,cg,B,9,12,MEM-LOAD-L3-HIT-RETIRED-XSNP-NONE,52025688
native-none,cg,B,10,12,MEM-LOAD-L3-HIT-RETIRED-XSNP-NONE,52025688
native-none,cg,B,11,12,MEM-LOAD-L3-HIT-RETIRED-XSNP-NONE,52025688
native-L1,cg,A,0,8,MEM-LOAD-L3-HIT-RETIRED-XSNP-MISS,57
native-L1,cg,A,1,8,MEM-LOAD-L3-HIT-RETIRED-XSNP-MISS,57
native-L1,cg,A,2,8,MEM-LOAD-L3-HIT-RETIRED-XSNP-MISS,57
native-L1,cg,A,3,8,MEM-LOAD-L3-HIT-RETIRED-XSNP-MISS,57
native-L1,cg,A,4,8,MEM-LOAD-L3-HIT-RETIRED-XSNP-MISS,57
native-L1,cg,A,5,8,MEM-LOAD-L3-HIT-RETIRED-XSNP-MISS,57
native-L1,cg,A,6,8,MEM-LOAD-L3-HIT-RETIRED-XSNP-MISS,57
native-L1,cg,A,7,8,MEM-LOAD-L3-HIT-RETIRED-XSNP-MISS,57
native-L1-L2,cg,W,0,4,MEM-LOAD-L3-HIT-RETIRED-XSNP-HIT,7337
native-L1-L2,cg,W,1,4,MEM-LOAD-L3-HIT-RETIRED-XSNP-HIT,7337
native-L1-L2,cg,W,2,4,MEM-LOAD-L3-HIT-RETIRED-XSNP-HIT,7337
native-L1-L2,cg,W,3,4,MEM-LOAD-L3-HIT-RETIRED-XSNP-HIT,7337
native-L1-L2,cg,W,0,12,MEM-LOAD-L3-HIT-RETIRED-XSNP-MISS,77
native-L1-L2,cg,W,1,12,MEM-LOAD-L3-HIT-RETIRED-XSNP-MISS,77
native-L1-L2,cg,W,2,12,MEM-LOAD-L3-HIT-RETIRED-XSNP-MISS,77
native-L1-L2,cg,W,3,12,MEM-LOAD-L3-HIT-RETIRED-XSNP-MISS,77
native-L1-L2,cg,W,4,12,MEM-LOAD-L3-HIT-RETIRED-XSNP-MISS,77
native-L1-L2,cg,W,5,12,MEM-LOAD-L3-HIT-RETIRED-XSNP-MISS,77
native-L1-L2,cg,W,6,12,MEM-LOAD-L3-HIT-RETIRED-XSNP-MISS,77
native-L1-L2,cg,W,7,12,MEM-LOAD-L3-HIT-RETIRED-XSNP-MISS,77
native-L1-L2,cg,W,8,12,MEM-LOAD-L3-HIT-RETIRED-XSNP-MISS,77
native-L1-L2,cg,W,9,12,MEM-LOAD-L3-HIT-RETIRED-XSNP-MISS,77
native-L1-L2,cg,W,10,12,MEM-LOAD-L3-HIT-RETIRED-XSNP-MISS,77
native-L1-L2,cg,W,11,12,MEM-LOAD-L3-HIT-RETIRED-XSNP-MISS,77
native-none,cg,B,0,4,MEM-LOAD-L3-HIT-RETIRED-XSNP-MISS,2093
native-none,cg,B,1,4,MEM-LOAD-L3-HIT-RETIRED-XSNP-MISS,2093
native-none,cg,B,2,4,MEM-LOAD-L3-HIT-RETIRED-XSNP-MISS,2093
native-none,cg,B,3,4,MEM-LOAD-L3-HIT-RETIRED-XSNP-MISS,2093
native-L2,cg,W,0,4,MEM-LOAD-L3-HIT-RETIRED-XSNP-MISS,50
native-L2,cg,W,1,4,MEM-LOAD-L3-HIT-RETIRED-XSNP-MISS,50
native-L2,cg,W,2,4,MEM-LOAD-L3-HIT-RETIRED-XSNP-MISS,50
native-L2,cg,W,3,4,MEM-LOAD-L3-HIT-RETIRED-XSNP-MISS,50
native-L2,cg,B,0,12,MEM-LOAD-L3-HIT-RETIRED-XSNP-MISS,263
native-L2,cg,B,1,12,MEM-LOAD-L3-HIT-RETIRED-XSNP-MISS,263
native-L2,cg,B,2,12,MEM-LOAD-L3-HIT-RETIRED-XSNP-MISS,263
native-L2,cg,B,3,12,MEM-LOAD-L3-HIT-RETIRED-XSNP-MISS,263
native-L2,cg,B,4,12,MEM-LOAD-L3-HIT-RETIRED-XSNP-MISS,263
native-L2,cg,B,5,12,MEM-LOAD-L3-HIT-RETIRED-XSNP-MISS,263
native-L2,cg,B,6,12,MEM-LOAD-L3-HIT-RETIRED-XSNP-MISS,263
native-L2,cg,B,7,12,MEM-LOAD-L3-HIT-RETIRED-XSNP-MISS,263
native-L2,cg,B,8,12,MEM-LOAD-L3-HIT-RETIRED-XSNP-MISS,263
native-L2,cg,B,9,12,MEM-LOAD-L3-HIT-RETIRED-XSNP-MISS,263
native-L2,cg,B,10,12,MEM-LOAD-L3-HIT-RETIRED-XSNP-MISS,263
native-L2,cg,B,11,12,MEM-LOAD-L3-HIT-RETIRED-XSNP-MISS,263
native-L1-L2,cg,W,0,4,MEM-LOAD-L3-HIT-RETIRED-XSNP-HITM,183536
native-L1-L2,cg,W,1,4,MEM-LOAD-L3-HIT-RETIRED-XSNP-HITM,183539
native-L1-L2,cg,W,2,4,MEM-LOAD-L3-HIT-RETIRED-XSNP-HITM,183539
native-L1-L2,cg,W,3,4,MEM-LOAD-L3-HIT-RETIRED-XSNP-HITM,183539
native-L1,cg,B,0,4,MEM-LOAD-L3-HIT-RETIRED-XSNP-HIT,43195
native-L1,cg,B,1,4,MEM-LOAD-L3-HIT-RETIRED-XSNP-HIT,43195
native-L1,cg,B,2,4,MEM-LOAD-L3-HIT-RETIRED-XSNP-HIT,43195
native-L1,cg,B,3,4,MEM-LOAD-L3-HIT-RETIRED-XSNP-HIT,43195
native-L2,cg,A,0,8,MEM-LOAD-L3-HIT-RETIRED-XSNP-NONE,381200
native-L2,cg,A,1,8,MEM-LOAD-L3-HIT-RETIRED-XSNP-NONE,383640
native-L2,cg,A,2,8,MEM-LOAD-L3-HIT-RETIRED-XSNP-NONE,383640
native-L2,cg,A,3,8,MEM-LOAD-L3-HIT-RETIRED-XSNP-NONE,383640
native-L2,cg,A,4,8,MEM-LOAD-L3-HIT-RETIRED-XSNP-NONE,383640
native-L2,cg,A,5,8,MEM-LOAD-L3-HIT-RETIRED-XSNP-NONE,383640
native-L2,cg,A,6,8,MEM-LOAD-L3-HIT-RETIRED-XSNP-NONE,383640
native-L2,cg,A,7,8,MEM-LOAD-L3-HIT-RETIRED-XSNP-NONE,383640
native-L1-L2,cg,B,0,8,MEM-LOAD-L3-HIT-RETIRED-XSNP-NONE,70462266
native-L1-L2,cg,B,1,8,MEM-LOAD-L3-HIT-RETIRED-XSNP-NONE,70464838
native-L1-L2,cg,B,2,8,MEM-LOAD-L3-HIT-RETIRED-XSNP-NONE,70464838
native-L1-L2,cg,B,3,8,MEM-LOAD-L3-HIT-RETIRED-XSNP-NONE,70464838
native-L1-L2,cg,B,4,8,MEM-LOAD-L3-HIT-RETIRED-XSNP-NONE,70464838
native-L1-L2,cg,B,5,8,MEM-LOAD-L3-HIT-RETIRED-XSNP-NONE,70464838
native-L1-L2,cg,B,6,8,MEM-LOAD-L3-HIT-RETIRED-XSNP-NONE,70464838
native-L1-L2,cg,B,7,8,MEM-LOAD-L3-HIT-RETIRED-XSNP-NONE,70464838
native-L2,cg,A,0,12,MEM-LOAD-L3-HIT-RETIRED-XSNP-MISS,86
native-L2,cg,A,1,12,MEM-LOAD-L3-HIT-RETIRED-XSNP-MISS,522
native-L2,cg,A,2,12,MEM-LOAD-L3-HIT-RETIRED-XSNP-MISS,522
native-L2,cg,A,3,12,MEM-LOAD-L3-HIT-RETIRED-XSNP-MISS,522
native-L2,cg,A,4,12,MEM-LOAD-L3-HIT-RETIRED-XSNP-MISS,522
native-L2,cg,A,5,12,MEM-LOAD-L3-HIT-RETIRED-XSNP-MISS,522
native-L2,cg,A,6,12,MEM-LOAD-L3-HIT-RETIRED-XSNP-MISS,522
native-L2,cg,A,7,12,MEM-LOAD-L3-HIT-RETIRED-XSNP-MISS,522
native-L2,cg,A,8,12,MEM-LOAD-L3-HIT-RETIRED-XSNP-MISS,522
native-L2,cg,A,9,12,MEM-LOAD-L3-HIT-RETIRED-XSNP-MISS,522
native-L2,cg,A,10,12,MEM-LOAD-L3-HIT-RETIRED-XSNP-MISS,522
native-L2,cg,A,11,12,MEM-LOAD-L3-HIT-RETIRED-XSNP-MISS,522
native-L1-L2,cg,A,0,8,MEM-LOAD-L3-HIT-RETIRED-XSNP-HITM,52763
native-L1-L2,cg,A,1,8,MEM-LOAD-L3-HIT-RETIRED-XSNP-HITM,53185
native-L1-L2,cg,A,2,8,MEM-LOAD-L3-HIT-RETIRED-XSNP-HITM,53185
native-L1-L2,cg,A,3,8,MEM-LOAD-L3-HIT-RETIRED-XSNP-HITM,53185
native-L1-L2,cg,A,4,8,MEM-LOAD-L3-HIT-RETIRED-XSNP-HITM,53185
native-L1-L2,cg,A,5,8,MEM-LOAD-L3-HIT-RETIRED-XSNP-HITM,53185
native-L1-L2,cg,A,6,8,MEM-LOAD-L3-HIT-RETIRED-XSNP-HITM,53185
native-L1-L2,cg,A,7,8,MEM-LOAD-L3-HIT-RETIRED-XSNP-HITM,53185
native-L2,cg,A,0,12,MEM-LOAD-L3-HIT-RETIRED-XSNP-HITM,50638
native-L2,cg,A,1,12,MEM-LOAD-L3-HIT-RETIRED-XSNP-HITM,51043
native-L2,cg,A,2,12,MEM-LOAD-L3-HIT-RETIRED-XSNP-HITM,51043
native-L2,cg,A,3,12,MEM-LOAD-L3-HIT-RETIRED-XSNP-HITM,51043
native-L2,cg,A,4,12,MEM-LOAD-L3-HIT-RETIRED-XSNP-HITM,51043
native-L2,cg,A,5,12,MEM-LOAD-L3-HIT-RETIRED-XSNP-HITM,51043
native-L2,cg,A,6,12,MEM-LOAD-L3-HIT-RETIRED-XSNP-HITM,51043
native-L2,cg,A,7,12,MEM-LOAD-L3-HIT-RETIRED-XSNP-HITM,51043
native-L2,cg,A,8,12,MEM-LOAD-L3-HIT-RETIRED-XSNP-HITM,51043
native-L2,cg,A,9,12,MEM-LOAD-L3-HIT-RETIRED-XSNP-HITM,51043
native-L2,cg,A,10,12,MEM-LOAD-L3-HIT-RETIRED-XSNP-HITM,51043
native-L2,cg,A,11,12,MEM-LOAD-L3-HIT-RETIRED-XSNP-HITM,51043
native-L1,cg,A,0,12,MEM-LOAD-L3-HIT-RETIRED-XSNP-MISS,100
native-L1,cg,A,1,12,MEM-LOAD-L3-HIT-RETIRED-XSNP-MISS,546
native-L1,cg,A,2,12,MEM-LOAD-L3-HIT-RETIRED-XSNP-MISS,546
native-L1,cg,A,3,12,MEM-LOAD-L3-HIT-RETIRED-XSNP-MISS,546
native-L1,cg,A,4,12,MEM-LOAD-L3-HIT-RETIRED-XSNP-MISS,546
native-L1,cg,A,5,12,MEM-LOAD-L3-HIT-RETIRED-XSNP-MISS,546
native-L1,cg,A,6,12,MEM-LOAD-L3-HIT-RETIRED-XSNP-MISS,546
native-L1,cg,A,7,12,MEM-LOAD-L3-HIT-RETIRED-XSNP-MISS,546
native-L1,cg,A,8,12,MEM-LOAD-L3-HIT-RETIRED-XSNP-MISS,546
native-L1,cg,A,9,12,MEM-LOAD-L3-HIT-RETIRED-XSNP-MISS,546
native-L1,cg,A,10,12,MEM-LOAD-L3-HIT-RETIRED-XSNP-MISS,546
native-L1,cg,A,11,12,MEM-LOAD-L3-HIT-RETIRED-XSNP-MISS,546
native-L1-L2,cg,B,0,12,MEM-LOAD-L3-HIT-RETIRED-XSNP-NONE,51599142
native-L1-L2,cg,B,1,12,MEM-LOAD-L3-HIT-RETIRED-XSNP-NONE,51601600
native-L1-L2,cg,B,2,12,MEM-LOAD-L3-HIT-RETIRED-XSNP-NONE,51601600
native-L1-L2,cg,B,3,12,MEM-LOAD-L3-HIT-RETIRED-XSNP-NONE,51601600
native-L1-L2,cg,B,4,12,MEM-LOAD-L3-HIT-RETIRED-XSNP-NONE,51601600
native-L1-L2,cg,B,5,12,MEM-LOAD-L3-HIT-RETIRED-XSNP-NONE,51601600
native-L1-L2,cg,B,6,12,MEM-LOAD-L3-HIT-RETIRED-XSNP-NONE,51601600
native-L1-L2,cg,B,7,12,MEM-LOAD-L3-HIT-RETIRED-XSNP-NONE,51601600
native-L1-L2,cg,B,8,12,MEM-LOAD-L3-HIT-RETIRED-XSNP-NONE,51601600
native-L1-L2,cg,B,9,12,MEM-LOAD-L3-HIT-RETIRED-XSNP-NONE,51601600
native-L1-L2,cg,B,10,12,MEM-LOAD-L3-HIT-RETIRED-XSNP-NONE,51601600
native-L1-L2,cg,B,11,12,MEM-LOAD-L3-HIT-RETIRED-XSNP-NONE,51601600
native-L1-L2,cg,W,0,2,MEM-LOAD-L3-HIT-RETIRED-XSNP-MISS,86
native-L1-L2,cg,W,1,2,MEM-LOAD-L3-HIT-RETIRED-XSNP-MISS,543
native-none,cg,A,0,12,MEM-LOAD-L3-HIT-RETIRED-XSNP-HITM,48031
native-none,cg,A,1,12,MEM-LOAD-L3-HIT-RETIRED-XSNP-HITM,48427
native-none,cg,A,2,12,MEM-LOAD-L3-HIT-RETIRED-XSNP-HITM,48427
native-none,cg,A,3,12,MEM-LOAD-L3-HIT-RETIRED-XSNP-HITM,48427
native-none,cg,A,4,12,MEM-LOAD-L3-HIT-RETIRED-XSNP-HITM,48427
native-none,cg,A,5,12,MEM-LOAD-L3-HIT-RETIRED-XSNP-HITM,48427
native-none,cg,A,6,12,MEM-LOAD-L3-HIT-RETIRED-XSNP-HITM,48427
native-none,cg,A,7,12,MEM-LOAD-L3-HIT-RETIRED-XSNP-HITM,48427
native-none,cg,A,8,12,MEM-LOAD-L3-HIT-RETIRED-XSNP-HITM,48427
native-none,cg,A,9,12,MEM-LOAD-L3-HIT-RETIRED-XSNP-HITM,48427
native-none,cg,A,10,12,MEM-LOAD-L3-HIT-RETIRED-XSNP-HITM,48427
native-none,cg,A,11,12,MEM-LOAD-L3-HIT-RETIRED-XSNP-HITM,48427
native-L2,cg,B,0,8,MEM-LOAD-L3-HIT-RETIRED-XSNP-MISS,230
native-L2,cg,B,1,8,MEM-LOAD-L3-HIT-RETIRED-XSNP-MISS,683
native-L2,cg,B,2,8,MEM-LOAD-L3-HIT-RETIRED-XSNP-MISS,683
native-L2,cg,B,3,8,MEM-LOAD-L3-HIT-RETIRED-XSNP-MISS,683
native-L2,cg,B,4,8,MEM-LOAD-L3-HIT-RETIRED-XSNP-MISS,683
native-L2,cg,B,5,8,MEM-LOAD-L3-HIT-RETIRED-XSNP-MISS,683
native-L2,cg,B,6,8,MEM-LOAD-L3-HIT-RETIRED-XSNP-MISS,683
native-L2,cg,B,7,8,MEM-LOAD-L3-HIT-RETIRED-XSNP-MISS,683
native-none,cg,W,0,8,MEM-LOAD-L3-HIT-RETIRED-XSNP-HIT,16101
native-none,cg,W,1,8,MEM-LOAD-L3-HIT-RETIRED-XSNP-HIT,16102
native-none,cg,W,2,8,MEM-LOAD-L3-HIT-RETIRED-XSNP-HIT,16102
native-none,cg,W,3,8,MEM-LOAD-L3-HIT-RETIRED-XSNP-HIT,16102
native-none,cg,W,4,8,MEM-LOAD-L3-HIT-RETIRED-XSNP-HIT,16102
native-none,cg,W,5,8,MEM-LOAD-L3-HIT-RETIRED-XSNP-HIT,16102
native-none,cg,W,6,8,MEM-LOAD-L3-HIT-RETIRED-XSNP-HIT,16102
native-none,cg,W,7,8,MEM-LOAD-L3-HIT-RETIRED-XSNP-HIT,16102
native-none,cg,B,0,2,MEM-LOAD-L3-HIT-RETIRED-XSNP-NONE,225166335
native-none,cg,B,1,2,MEM-LOAD-L3-HIT-RETIRED-XSNP-NONE,225168882
native-L2,cg,W,0,2,MEM-LOAD-L3-HIT-RETIRED-XSNP-NONE,120841
native-L2,cg,W,1,2,MEM-LOAD-L3-HIT-RETIRED-XSNP-NONE,123363
native-L1-L2,cg,B,0,8,MEM-LOAD-L3-HIT-RETIRED-XSNP-HIT,43671
native-L1-L2,cg,B,1,8,MEM-LOAD-L3-HIT-RETIRED-XSNP-HIT,43674
native-L1-L2,cg,B,2,8,MEM-LOAD-L3-HIT-RETIRED-XSNP-HIT,43674
native-L1-L2,cg,B,3,8,MEM-LOAD-L3-HIT-RETIRED-XSNP-HIT,43674
native-L1-L2,cg,B,4,8,MEM-LOAD-L3-HIT-RETIRED-XSNP-HIT,43674
native-L1-L2,cg,B,5,8,MEM-LOAD-L3-HIT-RETIRED-XSNP-HIT,43674
native-L1-L2,cg,B,6,8,MEM-LOAD-L3-HIT-RETIRED-XSNP-HIT,43674
native-L1-L2,cg,B,7,8,MEM-LOAD-L3-HIT-RETIRED-XSNP-HIT,43674
native-L1,cg,B,0,2,MEM-LOAD-L3-HIT-RETIRED-XSNP-MISS,74403
native-L1,cg,B,1,2,MEM-LOAD-L3-HIT-RETIRED-XSNP-MISS,74846
native-none,cg,W,0,8,MEM-LOAD-L3-HIT-RETIRED-XSNP-HITM,745643
native-none,cg,W,1,8,MEM-LOAD-L3-HIT-RETIRED-XSNP-HITM,746055
native-none,cg,W,2,8,MEM-LOAD-L3-HIT-RETIRED-XSNP-HITM,746055
native-none,cg,W,3,8,MEM-LOAD-L3-HIT-RETIRED-XSNP-HITM,746055
native-none,cg,W,4,8,MEM-LOAD-L3-HIT-RETIRED-XSNP-HITM,746055
native-none,cg,W,5,8,MEM-LOAD-L3-HIT-RETIRED-XSNP-HITM,746055
native-none,cg,W,6,8,MEM-LOAD-L3-HIT-RETIRED-XSNP-HITM,746055
native-none,cg,W,7,8,MEM-LOAD-L3-HIT-RETIRED-XSNP-HITM,746055
native-L2,cg,B,0,4,MEM-LOAD-L3-HIT-RETIRED-XSNP-HIT,42919
native-L2,cg,B,1,4,MEM-LOAD-L3-HIT-RETIRED-XSNP-HIT,42920
native-L2,cg,B,2,4,MEM-LOAD-L3-HIT-RETIRED-XSNP-HIT,42920
native-L2,cg,B,3,4,MEM-LOAD-L3-HIT-RETIRED-XSNP-HIT,42920
native-L2,cg,W,0,1,MEM-LOAD-L3-HIT-RETIRED-XSNP-NONE,262132
native-L1-L2,cg,A,0,2,MEM-LOAD-L3-HIT-RETIRED-XSNP-MISS,18
native-L1-L2,cg,A,1,2,MEM-LOAD-L3-HIT-RETIRED-XSNP-MISS,456
native-L2,cg,A,0,4,MEM-LOAD-L3-HIT-RETIRED-XSNP-MISS,10
native-L2,cg,A,1,4,MEM-LOAD-L3-HIT-RETIRED-XSNP-MISS,456
native-L2,cg,A,2,4,MEM-LOAD-L3-HIT-RETIRED-XSNP-MISS,456
native-L2,cg,A,3,4,MEM-LOAD-L3-HIT-RETIRED-XSNP-MISS,456
native-L1,cg,W,0,2,MEM-LOAD-L3-HIT-RETIRED-XSNP-NONE,120967
native-L1,cg,W,1,2,MEM-LOAD-L3-HIT-RETIRED-XSNP-NONE,123527
native-L1-L2,cg,A,0,4,MEM-LOAD-L3-HIT-RETIRED-XSNP-MISS,36
native-L1-L2,cg,A,1,4,MEM-LOAD-L3-HIT-RETIRED-XSNP-MISS,507
native-L1-L2,cg,A,2,4,MEM-LOAD-L3-HIT-RETIRED-XSNP-MISS,507
native-L1-L2,cg,A,3,4,MEM-LOAD-L3-HIT-RETIRED-XSNP-MISS,507
native-none,cg,W,0,4,MEM-LOAD-L3-HIT-RETIRED-XSNP-NONE,298599
native-none,cg,W,1,4,MEM-LOAD-L3-HIT-RETIRED-XSNP-NONE,301239
native-none,cg,W,2,4,MEM-LOAD-L3-HIT-RETIRED-XSNP-NONE,301338
native-none,cg,W,3,4,MEM-LOAD-L3-HIT-RETIRED-XSNP-NONE,301398
native-L1-L2,cg,B,0,2,MEM-LOAD-L3-HIT-RETIRED-XSNP-HIT,3425
native-L1-L2,cg,B,1,2,MEM-LOAD-L3-HIT-RETIRED-XSNP-HIT,3427
native-L2,cg,W,0,4,MEM-LOAD-L3-HIT-RETIRED-XSNP-NONE,298050
native-L2,cg,W,1,4,MEM-LOAD-L3-HIT-RETIRED-XSNP-NONE,300748
native-L2,cg,W,2,4,MEM-LOAD-L3-HIT-RETIRED-XSNP-NONE,300818
native-L2,cg,W,3,4,MEM-LOAD-L3-HIT-RETIRED-XSNP-NONE,300899
native-L2,cg,W,0,8,MEM-LOAD-L3-HIT-RETIRED-XSNP-HIT,19726
native-L2,cg,W,1,8,MEM-LOAD-L3-HIT-RETIRED-XSNP-HIT,19727
native-L2,cg,W,2,8,MEM-LOAD-L3-HIT-RETIRED-XSNP-HIT,19727
native-L2,cg,W,3,8,MEM-LOAD-L3-HIT-RETIRED-XSNP-HIT,19727
native-L2,cg,W,4,8,MEM-LOAD-L3-HIT-RETIRED-XSNP-HIT,19727
native-L2,cg,W,5,8,MEM-LOAD-L3-HIT-RETIRED-XSNP-HIT,19727
native-L2,cg,W,6,8,MEM-LOAD-L3-HIT-RETIRED-XSNP-HIT,19727
native-L2,cg,W,7,8,MEM-LOAD-L3-HIT-RETIRED-XSNP-HIT,19727
native-L2,cg,B,0,4,MEM-LOAD-L3-HIT-RETIRED-XSNP-HITM,4691968
native-L2,cg,B,1,4,MEM-LOAD-L3-HIT-RETIRED-XSNP-HITM,4692381
native-L2,cg,B,2,4,MEM-LOAD-L3-HIT-RETIRED-XSNP-HITM,4692381
native-L2,cg,B,3,4,MEM-LOAD-L3-HIT-RETIRED-XSNP-HITM,4692381
native-L2,cg,W,0,8,MEM-LOAD-L3-HIT-RETIRED-XSNP-MISS,76
native-L2,cg,W,1,8,MEM-LOAD-L3-HIT-RETIRED-XSNP-MISS,505
native-L2,cg,W,2,8,MEM-LOAD-L3-HIT-RETIRED-XSNP-MISS,505
native-L2,cg,W,3,8,MEM-LOAD-L3-HIT-RETIRED-XSNP-MISS,505
native-L2,cg,W,4,8,MEM-LOAD-L3-HIT-RETIRED-XSNP-MISS,505
native-L2,cg,W,5,8,MEM-LOAD-L3-HIT-RETIRED-XSNP-MISS,505
native-L2,cg,W,6,8,MEM-LOAD-L3-HIT-RETIRED-XSNP-MISS,505
native-L2,cg,W,7,8,MEM-LOAD-L3-HIT-RETIRED-XSNP-MISS,505
native-L1-L2,cg,B,0,2,MEM-LOAD-L3-HIT-RETIRED-XSNP-NONE,225597578
native-L1-L2,cg,B,1,2,MEM-LOAD-L3-HIT-RETIRED-XSNP-NONE,225600042
native-L1,cg,A,0,4,MEM-LOAD-L3-HIT-RETIRED-XSNP-NONE,365679
native-L1,cg,A,1,4,MEM-LOAD-L3-HIT-RETIRED-XSNP-NONE,368267
native-L1,cg,A,2,4,MEM-LOAD-L3-HIT-RETIRED-XSNP-NONE,368267
native-L1,cg,A,3,4,MEM-LOAD-L3-HIT-RETIRED-XSNP-NONE,368267
native-none,cg,A,0,1,MEM-LOAD-L3-HIT-RETIRED-XSNP-NONE,844840
native-none,cg,W,0,12,MEM-LOAD-L3-HIT-RETIRED-XSNP-NONE,3914139
native-none,cg,W,1,12,MEM-LOAD-L3-HIT-RETIRED-XSNP-NONE,3916768
native-none,cg,W,2,12,MEM-LOAD-L3-HIT-RETIRED-XSNP-NONE,3916677
native-none,cg,W,3,12,MEM-LOAD-L3-HIT-RETIRED-XSNP-NONE,3916844
native-none,cg,W,4,12,MEM-LOAD-L3-HIT-RETIRED-XSNP-NONE,3916926
native-none,cg,W,5,12,MEM-LOAD-L3-HIT-RETIRED-XSNP-NONE,3916995
native-none,cg,W,6,12,MEM-LOAD-L3-HIT-RETIRED-XSNP-NONE,3917039
native-none,cg,W,7,12,MEM-LOAD-L3-HIT-RETIRED-XSNP-NONE,3917112
native-none,cg,W,8,12,MEM-LOAD-L3-HIT-RETIRED-XSNP-NONE,3917173
native-none,cg,W,9,12,MEM-LOAD-L3-HIT-RETIRED-XSNP-NONE,3917231
native-none,cg,W,10,12,MEM-LOAD-L3-HIT-RETIRED-XSNP-NONE,3917301
native-none,cg,W,11,12,MEM-LOAD-L3-HIT-RETIRED-XSNP-NONE,3917378
native-L1,cg,A,0,4,MEM-LOAD-L3-HIT-RETIRED-XSNP-HITM,98099
native-L1,cg,A,1,4,MEM-LOAD-L3-HIT-RETIRED-XSNP-HITM,98522
native-L1,cg,A,2,4,MEM-LOAD-L3-HIT-RETIRED-XSNP-HITM,98522
native-L1,cg,A,3,4,MEM-LOAD-L3-HIT-RETIRED-XSNP-HITM,98522
native-L1,cg,W,0,4,MEM-LOAD-L3-HIT-RETIRED-XSNP-NONE,294976
native-L1,cg,W,1,4,MEM-LOAD-L3-HIT-RETIRED-XSNP-NONE,297587
native-L1,cg,W,2,4,MEM-LOAD-L3-HIT-RETIRED-XSNP-NONE,297640
native-L1,cg,W,3,4,MEM-LOAD-L3-HIT-RETIRED-XSNP-NONE,297675
native-L1,cg,A,0,8,MEM-LOAD-L3-HIT-RETIRED-XSNP-NONE,385945
native-L1,cg,A,1,8,MEM-LOAD-L3-HIT-RETIRED-XSNP-NONE,388536
native-L1,cg,A,2,8,MEM-LOAD-L3-HIT-RETIRED-XSNP-NONE,388536
native-L1,cg,A,3,8,MEM-LOAD-L3-HIT-RETIRED-XSNP-NONE,388536
native-L1,cg,A,4,8,MEM-LOAD-L3-HIT-RETIRED-XSNP-NONE,388536
native-L1,cg,A,5,8,MEM-LOAD-L3-HIT-RETIRED-XSNP-NONE,388537
native-L1,cg,A,6,8,MEM-LOAD-L3-HIT-RETIRED-XSNP-NONE,388537
native-L1,cg,A,7,8,MEM-LOAD-L3-HIT-RETIRED-XSNP-NONE,388537
native-L2,cg,W,0,12,MEM-LOAD-L3-HIT-RETIRED-XSNP-NONE,3877085
native-L2,cg,W,1,12,MEM-LOAD-L3-HIT-RETIRED-XSNP-NONE,3879707
native-L2,cg,W,2,12,MEM-LOAD-L3-HIT-RETIRED-XSNP-NONE,3879762
native-L2,cg,W,3,12,MEM-LOAD-L3-HIT-RETIRED-XSNP-NONE,3879802
native-L2,cg,W,4,12,MEM-LOAD-L3-HIT-RETIRED-XSNP-NONE,3879863
native-L2,cg,W,5,12,MEM-LOAD-L3-HIT-RETIRED-XSNP-NONE,3879924
native-L2,cg,W,6,12,MEM-LOAD-L3-HIT-RETIRED-XSNP-NONE,3880012
native-L2,cg,W,7,12,MEM-LOAD-L3-HIT-RETIRED-XSNP-NONE,3880092
native-L2,cg,W,8,12,MEM-LOAD-L3-HIT-RETIRED-XSNP-NONE,3880157
native-L2,cg,W,9,12,MEM-LOAD-L3-HIT-RETIRED-XSNP-NONE,3880242
native-L2,cg,W,10,12,MEM-LOAD-L3-HIT-RETIRED-XSNP-NONE,3880300
native-L2,cg,W,11,12,MEM-LOAD-L3-HIT-RETIRED-XSNP-NONE,3880372
native-none,cg,W,0,8,MEM-LOAD-L3-HIT-RETIRED-XSNP-NONE,3213404
native-none,cg,W,1,8,MEM-LOAD-L3-HIT-RETIRED-XSNP-NONE,3216100
native-none,cg,W,2,8,MEM-LOAD-L3-HIT-RETIRED-XSNP-NONE,3216181
native-none,cg,W,3,8,MEM-LOAD-L3-HIT-RETIRED-XSNP-NONE,3216243
native-none,cg,W,4,8,MEM-LOAD-L3-HIT-RETIRED-XSNP-NONE,3216280
native-none,cg,W,5,8,MEM-LOAD-L3-HIT-RETIRED-XSNP-NONE,3216369
native-none,cg,W,6,8,MEM-LOAD-L3-HIT-RETIRED-XSNP-NONE,3216453
native-none,cg,W,7,8,MEM-LOAD-L3-HIT-RETIRED-XSNP-NONE,3216499
native-L1,cg,B,0,4,MEM-LOAD-L3-HIT-RETIRED-XSNP-NONE,122814978
native-L1,cg,B,1,4,MEM-LOAD-L3-HIT-RETIRED-XSNP-NONE,122817447
native-L1,cg,B,2,4,MEM-LOAD-L3-HIT-RETIRED-XSNP-NONE,122817447
native-L1,cg,B,3,4,MEM-LOAD-L3-HIT-RETIRED-XSNP-NONE,122817447
native-none,cg,A,0,4,MEM-LOAD-L3-HIT-RETIRED-XSNP-NONE,371788
native-none,cg,A,1,4,MEM-LOAD-L3-HIT-RETIRED-XSNP-NONE,374259
native-none,cg,A,2,4,MEM-LOAD-L3-HIT-RETIRED-XSNP-NONE,374259
native-none,cg,A,3,4,MEM-LOAD-L3-HIT-RETIRED-XSNP-NONE,374259
native-L1,cg,B,0,8,MEM-LOAD-L3-HIT-RETIRED-XSNP-HIT,42552
native-L1,cg,B,1,8,MEM-LOAD-L3-HIT-RETIRED-XSNP-HIT,42553
native-L1,cg,B,2,8,MEM-LOAD-L3-HIT-RETIRED-XSNP-HIT,42553
native-L1,cg,B,3,8,MEM-LOAD-L3-HIT-RETIRED-XSNP-HIT,42553
native-L1,cg,B,4,8,MEM-LOAD-L3-HIT-RETIRED-XSNP-HIT,42553
native-L1,cg,B,5,8,MEM-LOAD-L3-HIT-RETIRED-XSNP-HIT,42553
native-L1,cg,B,6,8,MEM-LOAD-L3-HIT-RETIRED-XSNP-HIT,42553
native-L1,cg,B,7,8,MEM-LOAD-L3-HIT-RETIRED-XSNP-HIT,42553
native-none,cg,W,0,1,MEM-LOAD-L3-HIT-RETIRED-XSNP-NONE,261589
native-L1,cg,W,0,2,MEM-LOAD-L3-HIT-RETIRED-XSNP-HITM,293104
native-L1,cg,W,1,2,MEM-LOAD-L3-HIT-RETIRED-XSNP-HITM,293511
native-L1-L2,cg,B,0,12,MEM-LOAD-L3-HIT-RETIRED-XSNP-MISS,346
native-L1-L2,cg,B,1,12,MEM-LOAD-L3-HIT-RETIRED-XSNP-MISS,823
native-L1-L2,cg,B,2,12,MEM-LOAD-L3-HIT-RETIRED-XSNP-MISS,823
native-L1-L2,cg,B,3,12,MEM-LOAD-L3-HIT-RETIRED-XSNP-MISS,823
native-L1-L2,cg,B,4,12,MEM-LOAD-L3-HIT-RETIRED-XSNP-MISS,823
native-L1-L2,cg,B,5,12,MEM-LOAD-L3-HIT-RETIRED-XSNP-MISS,823
native-L1-L2,cg,B,6,12,MEM-LOAD-L3-HIT-RETIRED-XSNP-MISS,823
native-L1-L2,cg,B,7,12,MEM-LOAD-L3-HIT-RETIRED-XSNP-MISS,823
native-L1-L2,cg,B,8,12,MEM-LOAD-L3-HIT-RETIRED-XSNP-MISS,823
native-L1-L2,cg,B,9,12,MEM-LOAD-L3-HIT-RETIRED-XSNP-MISS,823
native-L1-L2,cg,B,10,12,MEM-LOAD-L3-HIT-RETIRED-XSNP-MISS,823
native-L1-L2,cg,B,11,12,MEM-LOAD-L3-HIT-RETIRED-XSNP-MISS,823
native-L2,cg,B,0,2,MEM-LOAD-L3-HIT-RETIRED-XSNP-MISS,76494
native-L2,cg,B,1,2,MEM-LOAD-L3-HIT-RETIRED-XSNP-MISS,76920
native-L1,cg,A,0,4,MEM-LOAD-L3-HIT-RETIRED-XSNP-MISS,31
native-L1,cg,A,1,4,MEM-LOAD-L3-HIT-RETIRED-XSNP-MISS,439
native-L1,cg,A,2,4,MEM-LOAD-L3-HIT-RETIRED-XSNP-MISS,439
native-L1,cg,A,3,4,MEM-LOAD-L3-HIT-RETIRED-XSNP-MISS,439
native-L1-L2,cg,A,0,2,MEM-LOAD-L3-HIT-RETIRED-XSNP-NONE,319390
native-L1-L2,cg,A,1,2,MEM-LOAD-L3-HIT-RETIRED-XSNP-NONE,321844
native-none,cg,B,0,8,MEM-LOAD-L3-HIT-RETIRED-XSNP-NONE,70488516
native-none,cg,B,1,8,MEM-LOAD-L3-HIT-RETIRED-XSNP-NONE,70491054
native-none,cg,B,2,8,MEM-LOAD-L3-HIT-RETIRED-XSNP-NONE,70491054
native-none,cg,B,3,8,MEM-LOAD-L3-HIT-RETIRED-XSNP-NONE,70491054
native-none,cg,B,4,8,MEM-LOAD-L3-HIT-RETIRED-XSNP-NONE,70491054
native-none,cg,B,5,8,MEM-LOAD-L3-HIT-RETIRED-XSNP-NONE,70491054
native-none,cg,B,6,8,MEM-LOAD-L3-HIT-RETIRED-XSNP-NONE,70491054
native-none,cg,B,7,8,MEM-LOAD-L3-HIT-RETIRED-XSNP-NONE,70491054
native-L1-L2,cg,A,0,8,MEM-LOAD-L3-HIT-RETIRED-XSNP-HIT,4951
native-L1-L2,cg,A,1,8,MEM-LOAD-L3-HIT-RETIRED-XSNP-HIT,4953
native-L1-L2,cg,A,2,8,MEM-LOAD-L3-HIT-RETIRED-XSNP-HIT,4953
native-L1-L2,cg,A,3,8,MEM-LOAD-L3-HIT-RETIRED-XSNP-HIT,4953
native-L1-L2,cg,A,4,8,MEM-LOAD-L3-HIT-RETIRED-XSNP-HIT,4953
native-L1-L2,cg,A,5,8,MEM-LOAD-L3-HIT-RETIRED-XSNP-HIT,4953
native-L1-L2,cg,A,6,8,MEM-LOAD-L3-HIT-RETIRED-XSNP-HIT,4953
native-L1-L2,cg,A,7,8,MEM-LOAD-L3-HIT-RETIRED-XSNP-HIT,4953
native-L1,cg,B,0,8,MEM-LOAD-L3-HIT-RETIRED-XSNP-MISS,242
native-L1,cg,B,1,8,MEM-LOAD-L3-HIT-RETIRED-XSNP-MISS,688
native-L1,cg,B,2,8,MEM-LOAD-L3-HIT-RETIRED-XSNP-MISS,688
native-L1,cg,B,3,8,MEM-LOAD-L3-HIT-RETIRED-XSNP-MISS,688
native-L1,cg,B,4,8,MEM-LOAD-L3-HIT-RETIRED-XSNP-MISS,688
native-L1,cg,B,5,8,MEM-LOAD-L3-HIT-RETIRED-XSNP-MISS,688
native-L1,cg,B,6,8,MEM-LOAD-L3-HIT-RETIRED-XSNP-MISS,688
native-L1,cg,B,7,8,MEM-LOAD-L3-HIT-RETIRED-XSNP-MISS,688
native-none,cg,W,0,2,MEM-LOAD-L3-HIT-RETIRED-XSNP-HITM,282570
native-none,cg,W,1,2,MEM-LOAD-L3-HIT-RETIRED-XSNP-HITM,283028
native-L1-L2,cg,B,0,4,MEM-LOAD-L3-HIT-RETIRED-XSNP-NONE,122948243
native-L1-L2,cg,B,1,4,MEM-LOAD-L3-HIT-RETIRED-XSNP-NONE,122950680
native-L1-L2,cg,B,2,4,MEM-LOAD-L3-HIT-RETIRED-XSNP-NONE,122950680
native-L1-L2,cg,B,3,4,MEM-LOAD-L3-HIT-RETIRED-XSNP-NONE,122950680
native-none,cg,A,0,4,MEM-LOAD-L3-HIT-RETIRED-XSNP-HITM,94100
native-none,cg,A,1,4,MEM-LOAD-L3-HIT-RETIRED-XSNP-HITM,94504
native-none,cg,A,2,4,MEM-LOAD-L3-HIT-RETIRED-XSNP-HITM,94504
native-none,cg,A,3,4,MEM-LOAD-L3-HIT-RETIRED-XSNP-HITM,94504
native-L1,cg,W,0,1,MEM-LOAD-L3-HIT-RETIRED-XSNP-HIT,0
native-L1,cg,W,0,8,MEM-LOAD-L3-HIT-RETIRED-XSNP-MISS,87
native-L1,cg,W,1,8,MEM-LOAD-L3-HIT-RETIRED-XSNP-MISS,525
native-L1,cg,W,2,8,MEM-LOAD-L3-HIT-RETIRED-XSNP-MISS,525
native-L1,cg,W,3,8,MEM-LOAD-L3-HIT-RETIRED-XSNP-MISS,525
native-L1,cg,W,4,8,MEM-LOAD-L3-HIT-RETIRED-XSNP-MISS,525
native-L1,cg,W,5,8,MEM-LOAD-L3-HIT-RETIRED-XSNP-MISS,525
native-L1,cg,W,6,8,MEM-LOAD-L3-HIT-RETIRED-XSNP-MISS,525
native-L1,cg,W,7,8,MEM-LOAD-L3-HIT-RETIRED-XSNP-MISS,525
native-L1,cg,A,0,8,MEM-LOAD-L3-HIT-RETIRED-XSNP-HIT,4523
native-L1,cg,A,1,8,MEM-LOAD-L3-HIT-RETIRED-XSNP-HIT,4528
native-L1,cg,A,2,8,MEM-LOAD-L3-HIT-RETIRED-XSNP-HIT,4528
native-L1,cg,A,3,8,MEM-LOAD-L3-HIT-RETIRED-XSNP-HIT,4528
native-L1,cg,A,4,8,MEM-LOAD-L3-HIT-RETIRED-XSNP-HIT,4528
native-L1,cg,A,5,8,MEM-LOAD-L3-HIT-RETIRED-XSNP-HIT,4528
native-L1,cg,A,6,8,MEM-LOAD-L3-HIT-RETIRED-XSNP-HIT,4528
native-L1,cg,A,7,8,MEM-LOAD-L3-HIT-RETIRED-XSNP-HIT,4528
native-L2,cg,W,0,1,MEM-LOAD-L3-HIT-RETIRED-XSNP-MISS,4
native-L1-L2,cg,A,0,1,MEM-LOAD-L3-HIT-RETIRED-XSNP-MISS,6
native-L2,cg,B,0,8,MEM-LOAD-L3-HIT-RETIRED-XSNP-HIT,44136
native-L2,cg,B,1,8,MEM-LOAD-L3-HIT-RETIRED-XSNP-HIT,44137
native-L2,cg,B,2,8,MEM-LOAD-L3-HIT-RETIRED-XSNP-HIT,44137
native-L2,cg,B,3,8,MEM-LOAD-L3-HIT-RETIRED-XSNP-HIT,44137
native-L2,cg,B,4,8,MEM-LOAD-L3-HIT-RETIRED-XSNP-HIT,44137
native-L2,cg,B,5,8,MEM-LOAD-L3-HIT-RETIRED-XSNP-HIT,44137
native-L2,cg,B,6,8,MEM-LOAD-L3-HIT-RETIRED-XSNP-HIT,44137
native-L2,cg,B,7,8,MEM-LOAD-L3-HIT-RETIRED-XSNP-HIT,44137
native-L1,cg,W,0,12,MEM-LOAD-L3-HIT-RETIRED-XSNP-HIT,11153
native-L1,cg,W,1,12,MEM-LOAD-L3-HIT-RETIRED-XSNP-HIT,11154
native-L1,cg,W,2,12,MEM-LOAD-L3-HIT-RETIRED-XSNP-HIT,11154
native-L1,cg,W,3,12,MEM-LOAD-L3-HIT-RETIRED-XSNP-HIT,11154
native-L1,cg,W,4,12,MEM-LOAD-L3-HIT-RETIRED-XSNP-HIT,11154
native-L1,cg,W,5,12,MEM-LOAD-L3-HIT-RETIRED-XSNP-HIT,11154
native-L1,cg,W,6,12,MEM-LOAD-L3-HIT-RETIRED-XSNP-HIT,11154
native-L1,cg,W,7,12,MEM-LOAD-L3-HIT-RETIRED-XSNP-HIT,11154
native-L1,cg,W,8,12,MEM-LOAD-L3-HIT-RETIRED-XSNP-HIT,11154
native-L1,cg,W,9,12,MEM-LOAD-L3-HIT-RETIRED-XSNP-HIT,11154
native-L1,cg,W,10,12,MEM-LOAD-L3-HIT-RETIRED-XSNP-HIT,11154
native-L1,cg,W,11,12,MEM-LOAD-L3-HIT-RETIRED-XSNP-HIT,11154
native-L1,cg,W,0,8,MEM-LOAD-L3-HIT-RETIRED-XSNP-NONE,2543428
native-L1,cg,W,1,8,MEM-LOAD-L3-HIT-RETIRED-XSNP-NONE,2546051
native-L1,cg,W,2,8,MEM-LOAD-L3-HIT-RETIRED-XSNP-NONE,2546116
native-L1,cg,W,3,8,MEM-LOAD-L3-HIT-RETIRED-XSNP-NONE,2546171
native-L1,cg,W,4,8,MEM-LOAD-L3-HIT-RETIRED-XSNP-NONE,2546214
native-L1,cg,W,5,8,MEM-LOAD-L3-HIT-RETIRED-XSNP-NONE,2546301
native-L1,cg,W,6,8,MEM-LOAD-L3-HIT-RETIRED-XSNP-NONE,2546364
native-L1,cg,W,7,8,MEM-LOAD-L3-HIT-RETIRED-XSNP-NONE,2546453
native-L2,cg,A,0,2,MEM-LOAD-L3-HIT-RETIRED-XSNP-MISS,27
native-L2,cg,A,1,2,MEM-LOAD-L3-HIT-RETIRED-XSNP-MISS,472
native-L1,cg,W,0,4,MEM-LOAD-L3-HIT-RETIRED-XSNP-HIT,7212
native-L1,cg,W,1,4,MEM-LOAD-L3-HIT-RETIRED-XSNP-HIT,7214
native-L1,cg,W,2,4,MEM-LOAD-L3-HIT-RETIRED-XSNP-HIT,7214
native-L1,cg,W,3,4,MEM-LOAD-L3-HIT-RETIRED-XSNP-HIT,7214
native-L1,cg,B,0,1,MEM-LOAD-L3-HIT-RETIRED-XSNP-HIT,0
native-none,cg,B,0,1,MEM-LOAD-L3-HIT-RETIRED-XSNP-MISS,8
native-none,cg,W,0,12,MEM-LOAD-L3-HIT-RETIRED-XSNP-HIT,11430
native-none,cg,W,1,12,MEM-LOAD-L3-HIT-RETIRED-XSNP-HIT,11431
native-none,cg,W,2,12,MEM-LOAD-L3-HIT-RETIRED-XSNP-HIT,11431
native-none,cg,W,3,12,MEM-LOAD-L3-HIT-RETIRED-XSNP-HIT,11431
native-none,cg,W,4,12,MEM-LOAD-L3-HIT-RETIRED-XSNP-HIT,11431
native-none,cg,W,5,12,MEM-LOAD-L3-HIT-RETIRED-XSNP-HIT,11431
native-none,cg,W,6,12,MEM-LOAD-L3-HIT-RETIRED-XSNP-HIT,11431
native-none,cg,W,7,12,MEM-LOAD-L3-HIT-RETIRED-XSNP-HIT,11431
native-none,cg,W,8,12,MEM-LOAD-L3-HIT-RETIRED-XSNP-HIT,11431
native-none,cg,W,9,12,MEM-LOAD-L3-HIT-RETIRED-XSNP-HIT,11431
native-none,cg,W,10,12,MEM-LOAD-L3-HIT-RETIRED-XSNP-HIT,11431
native-none,cg,W,11,12,MEM-LOAD-L3-HIT-RETIRED-XSNP-HIT,11431
native-none,cg,B,0,2,MEM-LOAD-L3-HIT-RETIRED-XSNP-MISS,74650
native-none,cg,B,1,2,MEM-LOAD-L3-HIT-RETIRED-XSNP-MISS,75101
native-L1,cg,B,0,12,MEM-LOAD-L3-HIT-RETIRED-XSNP-NONE,51994895
native-L1,cg,B,1,12,MEM-LOAD-L3-HIT-RETIRED-XSNP-NONE,51997476
native-L1,cg,B,2,12,MEM-LOAD-L3-HIT-RETIRED-XSNP-NONE,51997476
native-L1,cg,B,3,12,MEM-LOAD-L3-HIT-RETIRED-XSNP-NONE,51997476
native-L1,cg,B,4,12,MEM-LOAD-L3-HIT-RETIRED-XSNP-NONE,51997476
native-L1,cg,B,5,12,MEM-LOAD-L3-HIT-RETIRED-XSNP-NONE,51997476
native-L1,cg,B,6,12,MEM-LOAD-L3-HIT-RETIRED-XSNP-NONE,51997476
native-L1,cg,B,7,12,MEM-LOAD-L3-HIT-RETIRED-XSNP-NONE,51997476
native-L1,cg,B,8,12,MEM-LOAD-L3-HIT-RETIRED-XSNP-NONE,51997476
native-L1,cg,B,9,12,MEM-LOAD-L3-HIT-RETIRED-XSNP-NONE,51997476
native-L1,cg,B,10,12,MEM-LOAD-L3-HIT-RETIRED-XSNP-NONE,51997476
native-L1,cg,B,11,12,MEM-LOAD-L3-HIT-RETIRED-XSNP-NONE,51997476
native-L1-L2,cg,W,0,8,MEM-LOAD-L3-HIT-RETIRED-XSNP-HIT,20016
native-L1-L2,cg,W,1,8,MEM-LOAD-L3-HIT-RETIRED-XSNP-HIT,20017
native-L1-L2,cg,W,2,8,MEM-LOAD-L3-HIT-RETIRED-XSNP-HIT,20017
native-L1-L2,cg,W,3,8,MEM-LOAD-L3-HIT-RETIRED-XSNP-HIT,20017
native-L1-L2,cg,W,4,8,MEM-LOAD-L3-HIT-RETIRED-XSNP-HIT,20017
native-L1-L2,cg,W,5,8,MEM-LOAD-L3-HIT-RETIRED-XSNP-HIT,20017
native-L1-L2,cg,W,6,8,MEM-LOAD-L3-HIT-RETIRED-XSNP-HIT,20017
native-L1-L2,cg,W,7,8,MEM-LOAD-L3-HIT-RETIRED-XSNP-HIT,20017
native-none,cg,B,0,12,MEM-LOAD-L3-HIT-RETIRED-XSNP-HIT,33711
native-none,cg,B,1,12,MEM-LOAD-L3-HIT-RETIRED-XSNP-HIT,33712
native-none,cg,B,2,12,MEM-LOAD-L3-HIT-RETIRED-XSNP-HIT,33712
native-none,cg,B,3,12,MEM-LOAD-L3-HIT-RETIRED-XSNP-HIT,33712
native-none,cg,B,4,12,MEM-LOAD-L3-HIT-RETIRED-XSNP-HIT,33712
native-none,cg,B,5,12,MEM-LOAD-L3-HIT-RETIRED-XSNP-HIT,33712
native-none,cg,B,6,12,MEM-LOAD-L3-HIT-RETIRED-XSNP-HIT,33712
native-none,cg,B,7,12,MEM-LOAD-L3-HIT-RETIRED-XSNP-HIT,33712
native-none,cg,B,8,12,MEM-LOAD-L3-HIT-RETIRED-XSNP-HIT,33712
native-none,cg,B,9,12,MEM-LOAD-L3-HIT-RETIRED-XSNP-HIT,33712
native-none,cg,B,10,12,MEM-LOAD-L3-HIT-RETIRED-XSNP-HIT,33712
native-none,cg,B,11,12,MEM-LOAD-L3-HIT-RETIRED-XSNP-HIT,33712
native-L1,cg,B,0,2,MEM-LOAD-L3-HIT-RETIRED-XSNP-HITM,9089589
native-L1,cg,B,1,2,MEM-LOAD-L3-HIT-RETIRED-XSNP-HITM,9089984
native-L2,cg,B,0,1,MEM-LOAD-L3-HIT-RETIRED-XSNP-NONE,452510186
native-L1,cg,A,0,12,MEM-LOAD-L3-HIT-RETIRED-XSNP-HITM,46718
native-L1,cg,A,1,12,MEM-LOAD-L3-HIT-RETIRED-XSNP-HITM,47122
native-L1,cg,A,2,12,MEM-LOAD-L3-HIT-RETIRED-XSNP-HITM,47122
native-L1,cg,A,3,12,MEM-LOAD-L3-HIT-RETIRED-XSNP-HITM,47122
native-L1,cg,A,4,12,MEM-LOAD-L3-HIT-RETIRED-XSNP-HITM,47122
native-L1,cg,A,5,12,MEM-LOAD-L3-HIT-RETIRED-XSNP-HITM,47122
native-L1,cg,A,6,12,MEM-LOAD-L3-HIT-RETIRED-XSNP-HITM,47122
native-L1,cg,A,7,12,MEM-LOAD-L3-HIT-RETIRED-XSNP-HITM,47122
native-L1,cg,A,8,12,MEM-LOAD-L3-HIT-RETIRED-XSNP-HITM,47122
native-L1,cg,A,9,12,MEM-LOAD-L3-HIT-RETIRED-XSNP-HITM,47122
native-L1,cg,A,10,12,MEM-LOAD-L3-HIT-RETIRED-XSNP-HITM,47122
native-L1,cg,A,11,12,MEM-LOAD-L3-HIT-RETIRED-XSNP-HITM,47122
native-L2,cg,W,0,2,MEM-LOAD-L3-HIT-RETIRED-XSNP-MISS,74
native-L2,cg,W,1,2,MEM-LOAD-L3-HIT-RETIRED-XSNP-MISS,515
native-L1-L2,cg,W,0,8,MEM-LOAD-L3-HIT-RETIRED-XSNP-HITM,590267
native-L1-L2,cg,W,1,8,MEM-LOAD-L3-HIT-RETIRED-XSNP-HITM,590693
native-L1-L2,cg,W,2,8,MEM-LOAD-L3-HIT-RETIRED-XSNP-HITM,590693
native-L1-L2,cg,W,3,8,MEM-LOAD-L3-HIT-RETIRED-XSNP-HITM,590693
native-L1-L2,cg,W,4,8,MEM-LOAD-L3-HIT-RETIRED-XSNP-HITM,590693
native-L1-L2,cg,W,5,8,MEM-LOAD-L3-HIT-RETIRED-XSNP-HITM,590693
native-L1-L2,cg,W,6,8,MEM-LOAD-L3-HIT-RETIRED-XSNP-HITM,590693
native-L1-L2,cg,W,7,8,MEM-LOAD-L3-HIT-RETIRED-XSNP-HITM,590693
native-L2,cg,B,0,2,MEM-LOAD-L3-HIT-RETIRED-XSNP-HIT,3357
native-L2,cg,B,1,2,MEM-LOAD-L3-HIT-RETIRED-XSNP-HIT,3358
native-L1,cg,B,0,2,MEM-LOAD-L3-HIT-RETIRED-XSNP-NONE,225815184
native-L1,cg,B,1,2,MEM-LOAD-L3-HIT-RETIRED-XSNP-NONE,225817755
native-L2,cg,A,0,2,MEM-LOAD-L3-HIT-RETIRED-XSNP-HIT,11446
native-L2,cg,A,1,2,MEM-LOAD-L3-HIT-RETIRED-XSNP-HIT,11447
native-L2,cg,W,0,12,MEM-LOAD-L3-HIT-RETIRED-XSNP-MISS,82
native-L2,cg,W,1,12,MEM-LOAD-L3-HIT-RETIRED-XSNP-MISS,503
native-L2,cg,W,2,12,MEM-LOAD-L3-HIT-RETIRED-XSNP-MISS,503
native-L2,cg,W,3,12,MEM-LOAD-L3-HIT-RETIRED-XSNP-MISS,503
native-L2,cg,W,4,12,MEM-LOAD-L3-HIT-RETIRED-XSNP-MISS,503
native-L2,cg,W,5,12,MEM-LOAD-L3-HIT-RETIRED-XSNP-MISS,503
native-L2,cg,W,6,12,MEM-LOAD-L3-HIT-RETIRED-XSNP-MISS,503
native-L2,cg,W,7,12,MEM-LOAD-L3-HIT-RETIRED-XSNP-MISS,503
native-L2,cg,W,8,12,MEM-LOAD-L3-HIT-RETIRED-XSNP-MISS,503
native-L2,cg,W,9,12,MEM-LOAD-L3-HIT-RETIRED-XSNP-MISS,503
native-L2,cg,W,10,12,MEM-LOAD-L3-HIT-RETIRED-XSNP-MISS,503
native-L2,cg,W,11,12,MEM-LOAD-L3-HIT-RETIRED-XSNP-MISS,503
native-L1-L2,cg,B,0,12,MEM-LOAD-L3-HIT-RETIRED-XSNP-HIT,32290
native-L1-L2,cg,B,1,12,MEM-LOAD-L3-HIT-RETIRED-XSNP-HIT,32291
native-L1-L2,cg,B,2,12,MEM-LOAD-L3-HIT-RETIRED-XSNP-HIT,32291
native-L1-L2,cg,B,3,12,MEM-LOAD-L3-HIT-RETIRED-XSNP-HIT,32291
native-L1-L2,cg,B,4,12,MEM-LOAD-L3-HIT-RETIRED-XSNP-HIT,32291
native-L1-L2,cg,B,5,12,MEM-LOAD-L3-HIT-RETIRED-XSNP-HIT,32291
native-L1-L2,cg,B,6,12,MEM-LOAD-L3-HIT-RETIRED-XSNP-HIT,32291
native-L1-L2,cg,B,7,12,MEM-LOAD-L3-HIT-RETIRED-XSNP-HIT,32291
native-L1-L2,cg,B,8,12,MEM-LOAD-L3-HIT-RETIRED-XSNP-HIT,32291
native-L1-L2,cg,B,9,12,MEM-LOAD-L3-HIT-RETIRED-XSNP-HIT,32291
native-L1-L2,cg,B,10,12,MEM-LOAD-L3-HIT-RETIRED-XSNP-HIT,32291
native-L1-L2,cg,B,11,12,MEM-LOAD-L3-HIT-RETIRED-XSNP-HIT,32291
native-L2,cg,A,0,1,MEM-LOAD-L3-HIT-RETIRED-XSNP-HIT,0
native-L1,cg,A,0,1,MEM-LOAD-L3-HIT-RETIRED-XSNP-HITM,1
native-L2,cg,W,0,12,MEM-LOAD-L3-HIT-RETIRED-XSNP-HITM,781197
native-L2,cg,W,1,12,MEM-LOAD-L3-HIT-RETIRED-XSNP-HITM,781665
native-L2,cg,W,2,12,MEM-LOAD-L3-HIT-RETIRED-XSNP-HITM,781665
native-L2,cg,W,3,12,MEM-LOAD-L3-HIT-RETIRED-XSNP-HITM,781665
native-L2,cg,W,4,12,MEM-LOAD-L3-HIT-RETIRED-XSNP-HITM,781665
native-L2,cg,W,5,12,MEM-LOAD-L3-HIT-RETIRED-XSNP-HITM,781665
native-L2,cg,W,6,12,MEM-LOAD-L3-HIT-RETIRED-XSNP-HITM,781665
native-L2,cg,W,7,12,MEM-LOAD-L3-HIT-RETIRED-XSNP-HITM,781666
native-L2,cg,W,8,12,MEM-LOAD-L3-HIT-RETIRED-XSNP-HITM,781667
native-L2,cg,W,9,12,MEM-LOAD-L3-HIT-RETIRED-XSNP-HITM,781668
native-L2,cg,W,10,12,MEM-LOAD-L3-HIT-RETIRED-XSNP-HITM,781669
native-L2,cg,W,11,12,MEM-LOAD-L3-HIT-RETIRED-XSNP-HITM,781670
native-L2,cg,A,0,8,MEM-LOAD-L3-HIT-RETIRED-XSNP-HIT,4515
native-L2,cg,A,1,8,MEM-LOAD-L3-HIT-RETIRED-XSNP-HIT,4517
native-L2,cg,A,2,8,MEM-LOAD-L3-HIT-RETIRED-XSNP-HIT,4517
native-L2,cg,A,3,8,MEM-LOAD-L3-HIT-RETIRED-XSNP-HIT,4517
native-L2,cg,A,4,8,MEM-LOAD-L3-HIT-RETIRED-XSNP-HIT,4517
native-L2,cg,A,5,8,MEM-LOAD-L3-HIT-RETIRED-XSNP-HIT,4517
native-L2,cg,A,6,8,MEM-LOAD-L3-HIT-RETIRED-XSNP-HIT,4517
native-L2,cg,A,7,8,MEM-LOAD-L3-HIT-RETIRED-XSNP-HIT,4517
native-L1,cg,A,0,1,MEM-LOAD-L3-HIT-RETIRED-XSNP-MISS,4
native-none,cg,B,0,4,MEM-LOAD-L3-HIT-RETIRED-XSNP-NONE,122930549
native-none,cg,B,1,4,MEM-LOAD-L3-HIT-RETIRED-XSNP-NONE,122932928
native-none,cg,B,2,4,MEM-LOAD-L3-HIT-RETIRED-XSNP-NONE,122932928
native-none,cg,B,3,4,MEM-LOAD-L3-HIT-RETIRED-XSNP-NONE,122932928
native-L2,cg,B,0,12,MEM-LOAD-L3-HIT-RETIRED-XSNP-HIT,27256
native-L2,cg,B,1,12,MEM-LOAD-L3-HIT-RETIRED-XSNP-HIT,27257
native-L2,cg,B,2,12,MEM-LOAD-L3-HIT-RETIRED-XSNP-HIT,27257
native-L2,cg,B,3,12,MEM-LOAD-L3-HIT-RETIRED-XSNP-HIT,27257
native-L2,cg,B,4,12,MEM-LOAD-L3-HIT-RETIRED-XSNP-HIT,27257
native-L2,cg,B,5,12,MEM-LOAD-L3-HIT-RETIRED-XSNP-HIT,27257
native-L2,cg,B,6,12,MEM-LOAD-L3-HIT-RETIRED-XSNP-HIT,27257
native-L2,cg,B,7,12,MEM-LOAD-L3-HIT-RETIRED-XSNP-HIT,27257
native-L2,cg,B,8,12,MEM-LOAD-L3-HIT-RETIRED-XSNP-HIT,27257
native-L2,cg,B,9,12,MEM-LOAD-L3-HIT-RETIRED-XSNP-HIT,27257
native-L2,cg,B,10,12,MEM-LOAD-L3-HIT-RETIRED-XSNP-HIT,27257
native-L2,cg,B,11,12,MEM-LOAD-L3-HIT-RETIRED-XSNP-HIT,27257
native-L1-L2,cg,A,0,12,MEM-LOAD-L3-HIT-RETIRED-XSNP-HIT,3424
native-L1-L2,cg,A,1,12,MEM-LOAD-L3-HIT-RETIRED-XSNP-HIT,3425
native-L1-L2,cg,A,2,12,MEM-LOAD-L3-HIT-RETIRED-XSNP-HIT,3425
native-L1-L2,cg,A,3,12,MEM-LOAD-L3-HIT-RETIRED-XSNP-HIT,3425
native-L1-L2,cg,A,4,12,MEM-LOAD-L3-HIT-RETIRED-XSNP-HIT,3425
native-L1-L2,cg,A,5,12,MEM-LOAD-L3-HIT-RETIRED-XSNP-HIT,3425
native-L1-L2,cg,A,6,12,MEM-LOAD-L3-HIT-RETIRED-XSNP-HIT,3425
native-L1-L2,cg,A,7,12,MEM-LOAD-L3-HIT-RETIRED-XSNP-HIT,3425
native-L1-L2,cg,A,8,12,MEM-LOAD-L3-HIT-RETIRED-XSNP-HIT,3425
native-L1-L2,cg,A,9,12,MEM-LOAD-L3-HIT-RETIRED-XSNP-HIT,3425
native-L1-L2,cg,A,10,12,MEM-LOAD-L3-HIT-RETIRED-XSNP-HIT,3425
native-L1-L2,cg,A,11,12,MEM-LOAD-L3-HIT-RETIRED-XSNP-HIT,3425
native-L1-L2,cg,W,0,2,MEM-LOAD-L3-HIT-RETIRED-XSNP-HITM,284238
native-L1-L2,cg,W,1,2,MEM-LOAD-L3-HIT-RETIRED-XSNP-HITM,284622
native-L1,cg,B,0,4,MEM-LOAD-L3-HIT-RETIRED-XSNP-MISS,2252
native-L1,cg,B,1,4,MEM-LOAD-L3-HIT-RETIRED-XSNP-MISS,2676
native-L1,cg,B,2,4,MEM-LOAD-L3-HIT-RETIRED-XSNP-MISS,2676
native-L1,cg,B,3,4,MEM-LOAD-L3-HIT-RETIRED-XSNP-MISS,2676
native-none,cg,B,0,2,MEM-LOAD-L3-HIT-RETIRED-XSNP-HIT,2591
native-none,cg,B,1,2,MEM-LOAD-L3-HIT-RETIRED-XSNP-HIT,2592
native-L1,cg,A,0,1,MEM-LOAD-L3-HIT-RETIRED-XSNP-NONE,834181
native-L1,cg,B,0,12,MEM-LOAD-L3-HIT-RETIRED-XSNP-HITM,1446673
native-L1,cg,B,1,12,MEM-LOAD-L3-HIT-RETIRED-XSNP-HITM,1447111
native-L1,cg,B,2,12,MEM-LOAD-L3-HIT-RETIRED-XSNP-HITM,1447111
native-L1,cg,B,3,12,MEM-LOAD-L3-HIT-RETIRED-XSNP-HITM,1447111
native-L1,cg,B,4,12,MEM-LOAD-L3-HIT-RETIRED-XSNP-HITM,1447111
native-L1,cg,B,5,12,MEM-LOAD-L3-HIT-RETIRED-XSNP-HITM,1447111
native-L1,cg,B,6,12,MEM-LOAD-L3-HIT-RETIRED-XSNP-HITM,1447111
native-L1,cg,B,7,12,MEM-LOAD-L3-HIT-RETIRED-XSNP-HITM,1447111
native-L1,cg,B,8,12,MEM-LOAD-L3-HIT-RETIRED-XSNP-HITM,1447111
native-L1,cg,B,9,12,MEM-LOAD-L3-HIT-RETIRED-XSNP-HITM,1447111
native-L1,cg,B,10,12,MEM-LOAD-L3-HIT-RETIRED-XSNP-HITM,1447111
native-L1,cg,B,11,12,MEM-LOAD-L3-HIT-RETIRED-XSNP-HITM,1447111
native-none,cg,W,0,12,MEM-LOAD-L3-HIT-RETIRED-XSNP-MISS,75
native-none,cg,W,1,12,MEM-LOAD-L3-HIT-RETIRED-XSNP-MISS,571
native-none,cg,W,2,12,MEM-LOAD-L3-HIT-RETIRED-XSNP-MISS,571
native-none,cg,W,3,12,MEM-LOAD-L3-HIT-RETIRED-XSNP-MISS,571
native-none,cg,W,4,12,MEM-LOAD-L3-HIT-RETIRED-XSNP-MISS,571
native-none,cg,W,5,12,MEM-LOAD-L3-HIT-RETIRED-XSNP-MISS,571
native-none,cg,W,6,12,MEM-LOAD-L3-HIT-RETIRED-XSNP-MISS,571
native-none,cg,W,7,12,MEM-LOAD-L3-HIT-RETIRED-XSNP-MISS,571
native-none,cg,W,8,12,MEM-LOAD-L3-HIT-RETIRED-XSNP-MISS,571
native-none,cg,W,9,12,MEM-LOAD-L3-HIT-RETIRED-XSNP-MISS,571
native-none,cg,W,10,12,MEM-LOAD-L3-HIT-RETIRED-XSNP-MISS,571
native-none,cg,W,11,12,MEM-LOAD-L3-HIT-RETIRED-XSNP-MISS,571
native-L1-L2,cg,A,0,1,MEM-LOAD-L3-HIT-RETIRED-XSNP-HIT,0
native-none,cg,W,0,4,MEM-LOAD-L3-HIT-RETIRED-XSNP-HIT,7265
native-none,cg,W,1,4,MEM-LOAD-L3-HIT-RETIRED-XSNP-HIT,7268
native-none,cg,W,2,4,MEM-LOAD-L3-HIT-RETIRED-XSNP-HIT,7268
native-none,cg,W,3,4,MEM-LOAD-L3-HIT-RETIRED-XSNP-HIT,7268
native-L1-L2,cg,A,0,4,MEM-LOAD-L3-HIT-RETIRED-XSNP-NONE,365683
native-L1-L2,cg,A,1,4,MEM-LOAD-L3-HIT-RETIRED-XSNP-NONE,368236
native-L1-L2,cg,A,2,4,MEM-LOAD-L3-HIT-RETIRED-XSNP-NONE,368236
native-L1-L2,cg,A,3,4,MEM-LOAD-L3-HIT-RETIRED-XSNP-NONE,368236
native-L1,cg,B,0,8,MEM-LOAD-L3-HIT-RETIRED-XSNP-NONE,70188139
native-L1,cg,B,1,8,MEM-LOAD-L3-HIT-RETIRED-XSNP-NONE,70190594
native-L1,cg,B,2,8,MEM-LOAD-L3-HIT-RETIRED-XSNP-NONE,70190594
native-L1,cg,B,3,8,MEM-LOAD-L3-HIT-RETIRED-XSNP-NONE,70190594
native-L1,cg,B,4,8,MEM-LOAD-L3-HIT-RETIRED-XSNP-NONE,70190594
native-L1,cg,B,5,8,MEM-LOAD-L3-HIT-RETIRED-XSNP-NONE,70190594
native-L1,cg,B,6,8,MEM-LOAD-L3-HIT-RETIRED-XSNP-NONE,70190595
native-L1,cg,B,7,8,MEM-LOAD-L3-HIT-RETIRED-XSNP-NONE,70190595
native-L1,cg,B,0,2,MEM-LOAD-L3-HIT-RETIRED-XSNP-HIT,2159
native-L1,cg,B,1,2,MEM-LOAD-L3-HIT-RETIRED-XSNP-HIT,2160
native-L2,cg,B,0,4,MEM-LOAD-L3-HIT-RETIRED-XSNP-NONE,123340784
native-L2,cg,B,1,4,MEM-LOAD-L3-HIT-RETIRED-XSNP-NONE,123343204
native-L2,cg,B,2,4,MEM-LOAD-L3-HIT-RETIRED-XSNP-NONE,123343204
native-L2,cg,B,3,4,MEM-LOAD-L3-HIT-RETIRED-XSNP-NONE,123343204
native-L1-L2,cg,W,0,8,MEM-LOAD-L3-HIT-RETIRED-XSNP-NONE,2983241
native-L1-L2,cg,W,1,8,MEM-LOAD-L3-HIT-RETIRED-XSNP-NONE,2985686
native-L1-L2,cg,W,2,8,MEM-LOAD-L3-HIT-RETIRED-XSNP-NONE,2985622
native-L1-L2,cg,W,3,8,MEM-LOAD-L3-HIT-RETIRED-XSNP-NONE,2985767
native-L1-L2,cg,W,4,8,MEM-LOAD-L3-HIT-RETIRED-XSNP-NONE,2985851
native-L1-L2,cg,W,5,8,MEM-LOAD-L3-HIT-RETIRED-XSNP-NONE,2985933
native-L1-L2,cg,W,6,8,MEM-LOAD-L3-HIT-RETIRED-XSNP-NONE,2986015
native-L1-L2,cg,W,7,8,MEM-LOAD-L3-HIT-RETIRED-XSNP-NONE,2986095
native-L1-L2,cg,W,0,1,MEM-LOAD-L3-HIT-RETIRED-XSNP-NONE,262374
native-L1,cg,W,0,12,MEM-LOAD-L3-HIT-RETIRED-XSNP-HITM,784714
native-L1,cg,W,1,12,MEM-LOAD-L3-HIT-RETIRED-XSNP-HITM,785122
native-L1,cg,W,2,12,MEM-LOAD-L3-HIT-RETIRED-XSNP-HITM,785122
native-L1,cg,W,3,12,MEM-LOAD-L3-HIT-RETIRED-XSNP-HITM,785122
native-L1,cg,W,4,12,MEM-LOAD-L3-HIT-RETIRED-XSNP-HITM,785122
native-L1,cg,W,5,12,MEM-LOAD-L3-HIT-RETIRED-XSNP-HITM,785122
native-L1,cg,W,6,12,MEM-LOAD-L3-HIT-RETIRED-XSNP-HITM,785122
native-L1,cg,W,7,12,MEM-LOAD-L3-HIT-RETIRED-XSNP-HITM,785123
native-L1,cg,W,8,12,MEM-LOAD-L3-HIT-RETIRED-XSNP-HITM,785123
native-L1,cg,W,9,12,MEM-LOAD-L3-HIT-RETIRED-XSNP-HITM,785123
native-L1,cg,W,10,12,MEM-LOAD-L3-HIT-RETIRED-XSNP-HITM,785123
native-L1,cg,W,11,12,MEM-LOAD-L3-HIT-RETIRED-XSNP-HITM,785123
native-L2,cg,A,0,1,MEM-LOAD-L3-HIT-RETIRED-XSNP-MISS,6
native-none,cg,W,0,12,MEM-LOAD-L3-HIT-RETIRED-XSNP-HITM,770050
native-none,cg,W,1,12,MEM-LOAD-L3-HIT-RETIRED-XSNP-HITM,770438
native-none,cg,W,2,12,MEM-LOAD-L3-HIT-RETIRED-XSNP-HITM,770438
native-none,cg,W,3,12,MEM-LOAD-L3-HIT-RETIRED-XSNP-HITM,770438
native-none,cg,W,4,12,MEM-LOAD-L3-HIT-RETIRED-XSNP-HITM,770438
native-none,cg,W,5,12,MEM-LOAD-L3-HIT-RETIRED-XSNP-HITM,770438
native-none,cg,W,6,12,MEM-LOAD-L3-HIT-RETIRED-XSNP-HITM,770438
native-none,cg,W,7,12,MEM-LOAD-L3-HIT-RETIRED-XSNP-HITM,770438
native-none,cg,W,8,12,MEM-LOAD-L3-HIT-RETIRED-XSNP-HITM,770438
native-none,cg,W,9,12,MEM-LOAD-L3-HIT-RETIRED-XSNP-HITM,770438
native-none,cg,W,10,12,MEM-LOAD-L3-HIT-RETIRED-XSNP-HITM,770438
native-none,cg,W,11,12,MEM-LOAD-L3-HIT-RETIRED-XSNP-HITM,770438
native-L1,cg,W,0,1,MEM-LOAD-L3-HIT-RETIRED-XSNP-MISS,6
native-L1-L2,cg,A,0,8,MEM-LOAD-L3-HIT-RETIRED-XSNP-NONE,375101
native-L1-L2,cg,A,1,8,MEM-LOAD-L3-HIT-RETIRED-XSNP-NONE,377454
native-L1-L2,cg,A,2,8,MEM-LOAD-L3-HIT-RETIRED-XSNP-NONE,377454
native-L1-L2,cg,A,3,8,MEM-LOAD-L3-HIT-RETIRED-XSNP-NONE,377454
native-L1-L2,cg,A,4,8,MEM-LOAD-L3-HIT-RETIRED-XSNP-NONE,377454
native-L1-L2,cg,A,5,8,MEM-LOAD-L3-HIT-RETIRED-XSNP-NONE,377454
native-L1-L2,cg,A,6,8,MEM-LOAD-L3-HIT-RETIRED-XSNP-NONE,377454
native-L1-L2,cg,A,7,8,MEM-LOAD-L3-HIT-RETIRED-XSNP-NONE,377454
native-L1-L2,cg,B,0,4,MEM-LOAD-L3-HIT-RETIRED-XSNP-HITM,4411590
native-L1-L2,cg,B,1,4,MEM-LOAD-L3-HIT-RETIRED-XSNP-HITM,4412004
native-L1-L2,cg,B,2,4,MEM-LOAD-L3-HIT-RETIRED-XSNP-HITM,4412004
native-L1-L2,cg,B,3,4,MEM-LOAD-L3-HIT-RETIRED-XSNP-HITM,4412004
native-none,cg,A,0,4,MEM-LOAD-L3-HIT-RETIRED-XSNP-MISS,44
native-none,cg,A,1,4,MEM-LOAD-L3-HIT-RETIRED-XSNP-MISS,429
native-none,cg,A,2,4,MEM-LOAD-L3-HIT-RETIRED-XSNP-MISS,429
native-none,cg,A,3,4,MEM-LOAD-L3-HIT-RETIRED-XSNP-MISS,429
native-none,cg,B,0,4,MEM-LOAD-L3-HIT-RETIRED-XSNP-HITM,4554504
native-none,cg,B,1,4,MEM-LOAD-L3-HIT-RETIRED-XSNP-HITM,4554930
native-none,cg,B,2,4,MEM-LOAD-L3-HIT-RETIRED-XSNP-HITM,4554930
native-none,cg,B,3,4,MEM-LOAD-L3-HIT-RETIRED-XSNP-HITM,4554930
native-none,cg,B,0,1,MEM-LOAD-L3-HIT-RETIRED-XSNP-HIT,0
native-L1-L2,cg,A,0,1,MEM-LOAD-L3-HIT-RETIRED-XSNP-HITM,0
native-none,cg,A,0,8,MEM-LOAD-L3-HIT-RETIRED-XSNP-HITM,61270
native-none,cg,A,1,8,MEM-LOAD-L3-HIT-RETIRED-XSNP-HITM,61706
native-none,cg,A,2,8,MEM-LOAD-L3-HIT-RETIRED-XSNP-HITM,61706
native-none,cg,A,3,8,MEM-LOAD-L3-HIT-RETIRED-XSNP-HITM,61706
native-none,cg,A,4,8,MEM-LOAD-L3-HIT-RETIRED-XSNP-HITM,61706
native-none,cg,A,5,8,MEM-LOAD-L3-HIT-RETIRED-XSNP-HITM,61706
native-none,cg,A,6,8,MEM-LOAD-L3-HIT-RETIRED-XSNP-HITM,61706
native-none,cg,A,7,8,MEM-LOAD-L3-HIT-RETIRED-XSNP-HITM,61706
native-L1,cg,A,0,1,MEM-LOAD-L3-HIT-RETIRED-XSNP-HIT,0
native-L1,cg,W,0,1,MEM-LOAD-L3-HIT-RETIRED-XSNP-NONE,263001
native-L1-L2,cg,A,0,4,MEM-LOAD-L3-HIT-RETIRED-XSNP-HIT,5490
native-L1-L2,cg,A,1,4,MEM-LOAD-L3-HIT-RETIRED-XSNP-HIT,5491
native-L1-L2,cg,A,2,4,MEM-LOAD-L3-HIT-RETIRED-XSNP-HIT,5491
native-L1-L2,cg,A,3,4,MEM-LOAD-L3-HIT-RETIRED-XSNP-HIT,5491
native-L1-L2,cg,A,0,4,MEM-LOAD-L3-HIT-RETIRED-XSNP-HITM,106641
native-L1-L2,cg,A,1,4,MEM-LOAD-L3-HIT-RETIRED-XSNP-HITM,106939
native-L1-L2,cg,A,2,4,MEM-LOAD-L3-HIT-RETIRED-XSNP-HITM,106939
native-L1-L2,cg,A,3,4,MEM-LOAD-L3-HIT-RETIRED-XSNP-HITM,106939
native-L1-L2,cg,A,0,12,MEM-LOAD-L3-HIT-RETIRED-XSNP-NONE,397975
native-L1-L2,cg,A,1,12,MEM-LOAD-L3-HIT-RETIRED-XSNP-NONE,400296
native-L1-L2,cg,A,2,12,MEM-LOAD-L3-HIT-RETIRED-XSNP-NONE,400296
native-L1-L2,cg,A,3,12,MEM-LOAD-L3-HIT-RETIRED-XSNP-NONE,400296
native-L1-L2,cg,A,4,12,MEM-LOAD-L3-HIT-RETIRED-XSNP-NONE,400296
native-L1-L2,cg,A,5,12,MEM-LOAD-L3-HIT-RETIRED-XSNP-NONE,400296
native-L1-L2,cg,A,6,12,MEM-LOAD-L3-HIT-RETIRED-XSNP-NONE,400296
native-L1-L2,cg,A,7,12,MEM-LOAD-L3-HIT-RETIRED-XSNP-NONE,400296
native-L1-L2,cg,A,8,12,MEM-LOAD-L3-HIT-RETIRED-XSNP-NONE,400296
native-L1-L2,cg,A,9,12,MEM-LOAD-L3-HIT-RETIRED-XSNP-NONE,400296
native-L1-L2,cg,A,10,12,MEM-LOAD-L3-HIT-RETIRED-XSNP-NONE,400296
native-L1-L2,cg,A,11,12,MEM-LOAD-L3-HIT-RETIRED-XSNP-NONE,400296
native-L2,cg,A,0,12,MEM-LOAD-L3-HIT-RETIRED-XSNP-NONE,390279
native-L2,cg,A,1,12,MEM-LOAD-L3-HIT-RETIRED-XSNP-NONE,392578
native-L2,cg,A,2,12,MEM-LOAD-L3-HIT-RETIRED-XSNP-NONE,392578
native-L2,cg,A,3,12,MEM-LOAD-L3-HIT-RETIRED-XSNP-NONE,392578
native-L2,cg,A,4,12,MEM-LOAD-L3-HIT-RETIRED-XSNP-NONE,392578
native-L2,cg,A,5,12,MEM-LOAD-L3-HIT-RETIRED-XSNP-NONE,392578
native-L2,cg,A,6,12,MEM-LOAD-L3-HIT-RETIRED-XSNP-NONE,392578
native-L2,cg,A,7,12,MEM-LOAD-L3-HIT-RETIRED-XSNP-NONE,392579
native-L2,cg,A,8,12,MEM-LOAD-L3-HIT-RETIRED-XSNP-NONE,392579
native-L2,cg,A,9,12,MEM-LOAD-L3-HIT-RETIRED-XSNP-NONE,392580
native-L2,cg,A,10,12,MEM-LOAD-L3-HIT-RETIRED-XSNP-NONE,392580
native-L2,cg,A,11,12,MEM-LOAD-L3-HIT-RETIRED-XSNP-NONE,392580
native-none,cg,A,0,2,MEM-LOAD-L3-HIT-RETIRED-XSNP-NONE,380800
native-none,cg,A,1,2,MEM-LOAD-L3-HIT-RETIRED-XSNP-NONE,383348
native-L2,cg,W,0,8,MEM-LOAD-L3-HIT-RETIRED-XSNP-HITM,769357
native-L2,cg,W,1,8,MEM-LOAD-L3-HIT-RETIRED-XSNP-HITM,769357
native-L2,cg,W,2,8,MEM-LOAD-L3-HIT-RETIRED-XSNP-HITM,769357
native-L2,cg,W,3,8,MEM-LOAD-L3-HIT-RETIRED-XSNP-HITM,769357
native-L2,cg,W,4,8,MEM-LOAD-L3-HIT-RETIRED-XSNP-HITM,769357
native-L2,cg,W,5,8,MEM-LOAD-L3-HIT-RETIRED-XSNP-HITM,769357
native-L2,cg,W,6,8,MEM-LOAD-L3-HIT-RETIRED-XSNP-HITM,769357
native-L2,cg,W,7,8,MEM-LOAD-L3-HIT-RETIRED-XSNP-HITM,769357
native-L2,cg,W,0,1,MEM-LOAD-L3-HIT-RETIRED-XSNP-HIT,0
native-none,cg,W,0,1,MEM-LOAD-L3-HIT-RETIRED-XSNP-HITM,0
